Workbook

Sheet lista usuarios
A1: No. USUARIO | B1: NOMBRE | C1: DIRECCION | D1: AÑO | E1: ENTREGADOS | F1: PAGADOS
A2: ='BASE DE DATOS'!B2 -> 1 | B2: =VLOOKUP(A2,'BASE DE DATOS'!$B$2:$AB$702,2,0) -> ABUNDIO CRESCENCIO LORENZO | C2: =VLOOKUP(A2,'BASE DE DATOS'!$B$2:$AB$6821,12,0) -> 15 PONIENTE ESQ, 7 SUR | D2: =VLOOKUP(A2,'BASE DE DATOS'!$B$2:$AB$6821,13,0) -> 2026
A3: ='BASE DE DATOS'!B3 -> 2 | B3: =VLOOKUP(A3,'BASE DE DATOS'!$B$2:$AB$702,2,0) -> ABUNDIO JIMENEZ LEOBARDO | C3: =VLOOKUP(A3,'BASE DE DATOS'!$B$2:$AB$6821,12,0) -> 7 SUR ENTRE 11 Y 13 PONIENTE | D3: =VLOOKUP(A3,'BASE DE DATOS'!$B$2:$AB$6821,13,0) -> 2023
A4: ='BASE DE DATOS'!B4 -> 3 | B4: =VLOOKUP(A4,'BASE DE DATOS'!$B$2:$AB$702,2,0) -> ABUNDIO JIMENEZ ROMARICO | C4: =VLOOKUP(A4,'BASE DE DATOS'!$B$2:$AB$6821,12,0) -> 7 SUR ENTRE 11 Y 13 PTE | D4: =VLOOKUP(A4,'BASE DE DATOS'!$B$2:$AB$6821,13,0) -> 2026
A5: ='BASE DE DATOS'!B5 -> 4 | B5: =VLOOKUP(A5,'BASE DE DATOS'!$B$2:$AB$702,2,0) -> ABUNDIO JUAREZ GABRIELA | C5: =VLOOKUP(A5,'BASE DE DATOS'!$B$2:$AB$6821,12,0) -> 7 SUR ENTRE 15 Y 17 PTE. | D5: =VLOOKUP(A5,'BASE DE DATOS'!$B$2:$AB$6821,13,0) -> 2026
A6: ='BASE DE DATOS'!B6 -> 5 | B6: =VLOOKUP(A6,'BASE DE DATOS'!$B$2:$AB$702,2,0) -> ABUNDIO JUAREZ JOSE LUIS | C6: =VLOOKUP(A6,'BASE DE DATOS'!$B$2:$AB$6821,12,0) -> 15 PTE. NO. 2006 | D6: =VLOOKUP(A6,'BASE DE DATOS'!$B$2:$AB$6821,13,0) -> 2026
A7: ='BASE DE DATOS'!B7 -> 6 | B7: =VLOOKUP(A7,'BASE DE DATOS'!$B$2:$AB$702,2,0) -> ABUNDIO JUAREZ ROSA MARIA | C7: =VLOOKUP(A7,'BASE DE DATOS'!$B$2:$AB$6821,12,0) -> 7 SUR ENTRE 15 Y 17 PONIENTE | D7: =VLOOKUP(A7,'BASE DE DATOS'!$B$2:$AB$6821,13,0) -> 0
A8: ='BASE DE DATOS'!B8 -> 7 | B8: =VLOOKUP(A8,'BASE DE DATOS'!$B$2:$AB$702,2,0) -> ABUNDIO JUAREZ VICTOR GUILLERMO | C8: =VLOOKUP(A8,'BASE DE DATOS'!$B$2:$AB$6821,12,0) -> 7 SUR ENTRE 11 Y 13 PTE. | D8: =VLOOKUP(A8,'BASE DE DATOS'!$B$2:$AB$6821,13,0) -> 2026
A9: ='BASE DE DATOS'!B9 -> 8 | B9: =VLOOKUP(A9,'BASE DE DATOS'!$B$2:$AB$702,2,0) -> ABUNDIO LOPEZ JESUS MAURO | C9: =VLOOKUP(A9,'BASE DE DATOS'!$B$2:$AB$6821,12,0) -> 7 SUR ENTRE 11 Y 13 PONIENTE | D9: =VLOOKUP(A9,'BASE DE DATOS'!$B$2:$AB$6821,13,0) -> 2023
A10: ='BASE DE DATOS'!B10 -> 9 | B10: =VLOOKUP(A10,'BASE DE DATOS'!$B$2:$AB$702,2,0) -> ABUNDIO RODRIGUEZ LUIS MANUEL | C10: =VLOOKUP(A10,'BASE DE DATOS'!$B$2:$AB$6821,12,0) -> 15 PTE. NO. 2006 ENT. 7 Y 9 SUR | D10: =VLOOKUP(A10,'BASE DE DATOS'!$B$2:$AB$6821,13,0) -> 0
A11: ='BASE DE DATOS'!B11 -> 10 | B11: =VLOOKUP(A11,'BASE DE DATOS'!$B$2:$AB$702,2,0) -> ADAN GONZALEZ LIDIA | C11: =VLOOKUP(A11,'BASE DE DATOS'!$B$2:$AB$6821,12,0) -> 9 SUR ENTRE 21 PTE. Y CANAL | D11: =VLOOKUP(A11,'BASE DE DATOS'!$B$2:$AB$6821,13,0) -> 2026
A12: ='BASE DE DATOS'!B12 -> 11 | B12: =VLOOKUP(A12,'BASE DE DATOS'!$B$2:$AB$702,2,0) -> AGUILAR GUERRERO JESUS | C12: =VLOOKUP(A12,'BASE DE DATOS'!$B$2:$AB$6821,12,0) -> 9 SUR ENTRE 21 PTE. Y CANAL | D12: =VLOOKUP(A12,'BASE DE DATOS'!$B$2:$AB$6821,13,0) -> 2026
A13: ='BASE DE DATOS'!B13 -> 12 | B13: =VLOOKUP(A13,'BASE DE DATOS'!$B$2:$AB$702,2,0) -> ALCANTARA ANGEL AMELIA | C13: =VLOOKUP(A13,'BASE DE DATOS'!$B$2:$AB$6821,12,0) -> 13 PONIENE 701 ENTRE 7 Y 9 SUR | D13: =VLOOKUP(A13,'BASE DE DATOS'!$B$2:$AB$6821,13,0) -> 2025
... A159: ='BASE DE DATOS'!B159 -> 154 | B159: =VLOOKUP(A159,'BASE DE DATOS'!$B$2:$AB$702,2,0) -> GONZALEZ MARTINEZ JOSE ODILON | C159: =VLOOKUP(A159,'BASE DE DATOS'!$B$2:$AB$6821,12,0) -> 21 PTE. ENTRE 13 Y 15 SUR | D159: =VLOOKUP(A159,'BASE DE DATOS'!$B$2:$AB$6821,13,0) -> 2026
A160: ='BASE DE DATOS'!B161 -> 155 | B160: =VLOOKUP(A160,'BASE DE DATOS'!$B$2:$AB$702,2,0) -> GONZALEZ RAMIREZ RAFAEL | C160: =VLOOKUP(A160,'BASE DE DATOS'!$B$2:$AB$6821,12,0) -> 13 PTE ENTRE 11 Y 13 SUR | D160: =VLOOKUP(A160,'BASE DE DATOS'!$B$2:$AB$6821,13,0) -> 2026
A161: ='BASE DE DATOS'!B162 -> 156 | B161: =VLOOKUP(A161,'BASE DE DATOS'!$B$2:$AB$702,2,0) -> GONZALEZ ROSAS JOSE OMAR | C161: =VLOOKUP(A161,'BASE DE DATOS'!$B$2:$AB$6821,12,0) -> 21 PTE. ENTRE 13 Y 15 SUR | D161: =VLOOKUP(A161,'BASE DE DATOS'!$B$2:$AB$6821,13,0) -> 2021
A162: ='BASE DE DATOS'!B163 -> 157 | B162: =VLOOKUP(A162,'BASE DE DATOS'!$B$2:$AB$702,2,0) -> SANTOS GONZALEZ SANDRA | C162: =VLOOKUP(A162,'BASE DE DATOS'!$B$2:$AB$6821,12,0) -> 15 PONIENTE NO 1906 | D162: =VLOOKUP(A162,'BASE DE DATOS'!$B$2:$AB$6821,13,0) -> 2026
A163: ='BASE DE DATOS'!B164 -> 158 | B163: =VLOOKUP(A163,'BASE DE DATOS'!$B$2:$AB$702,2,0) -> GUZMAN JUAREZ RIGOBERTO | C163: =VLOOKUP(A163,'BASE DE DATOS'!$B$2:$AB$6821,12,0) -> 17 SUR ENTRE 15 Y 17 PONIENTE | D163: =VLOOKUP(A163,'BASE DE DATOS'!$B$2:$AB$6821,13,0) -> 2026
A164: ='BASE DE DATOS'!B165 -> 159 | B164: =VLOOKUP(A164,'BASE DE DATOS'!$B$2:$AB$702,2,0) -> SANTOS VAZQUEZ MARIA GUADALUPE | C164: =VLOOKUP(A164,'BASE DE DATOS'!$B$2:$AB$6821,12,0) -> 15 PONIENTEE 902 ENTRE 9 Y 11 SUR | D164: =VLOOKUP(A164,'BASE DE DATOS'!$B$2:$AB$6821,13,0) -> 2026
A165: ='BASE DE DATOS'!B166 -> 160 | B165: =VLOOKUP(A165,'BASE DE DATOS'!$B$2:$AB$702,2,0) -> HERNANDEZ VAZQUEZ PEDRO | C165: =VLOOKUP(A165,'BASE DE DATOS'!$B$2:$AB$6821,12,0) -> 15 SUR ENT. 15 Y 17 PTE | D165: =VLOOKUP(A165,'BASE DE DATOS'!$B$2:$AB$6821,13,0) -> 2026
A166: ='BASE DE DATOS'!B167 -> 161 | B166: =VLOOKUP(A166,'BASE DE DATOS'!$B$2:$AB$702,2,0) -> HUERTA RODRIGUEZ CARMEN | C166: =VLOOKUP(A166,'BASE DE DATOS'!$B$2:$AB$6821,12,0) -> 17 PONIENTE ENTRE 13 Y 15 SUR | D166: =VLOOKUP(A166,'BASE DE DATOS'!$B$2:$AB$6821,13,0) -> 2026
A167: ='BASE DE DATOS'!B168 -> 162 | B167: =VLOOKUP(A167,'BASE DE DATOS'!$B$2:$AB$702,2,0) -> LOZANO MONTES RODE | C167: =VLOOKUP(A167,'BASE DE DATOS'!$B$2:$AB$6821,12,0) -> 13 SUR ENTRE 15 Y 17 PTE. | D167: =VLOOKUP(A167,'BASE DE DATOS'!$B$2:$AB$6821,13,0) -> 2026
A168: ='BASE DE DATOS'!B169 -> 163 | B168: =VLOOKUP(A168,'BASE DE DATOS'!$B$2:$AB$702,2,0) -> HUERTA RODRIGUEZ JAQUELINE | C168: =VLOOKUP(A168,'BASE DE DATOS'!$B$2:$AB$6821,12,0) -> 17 PTE. ENTRE 13 Y 15 SUR | D168: =VLOOKUP(A168,'BASE DE DATOS'!$B$2:$AB$6821,13,0) -> 2026
A169: ='BASE DE DATOS'!B170 -> 164 | B169: =VLOOKUP(A169,'BASE DE DATOS'!$B$2:$AB$702,2,0) -> SANTOS GONZALEZ SANDRA | C169: =VLOOKUP(A169,'BASE DE DATOS'!$B$2:$AB$6821,12,0) -> 15 PTE NO. 1906 | D169: =VLOOKUP(A169,'BASE DE DATOS'!$B$2:$AB$6821,13,0) -> 2018
A170: ='BASE DE DATOS'!B171 -> 165 | B170: =VLOOKUP(A170,'BASE DE DATOS'!$B$2:$AB$702,2,0) -> ISLAS RODRIGUEZ MARIA LUISA | C170: =VLOOKUP(A170,'BASE DE DATOS'!$B$2:$AB$6821,12,0) -> 11 SUR ENTRE 15 Y 17 PTE | D170: =VLOOKUP(A170,'BASE DE DATOS'!$B$2:$AB$6821,13,0) -> 2026
A171: ='BASE DE DATOS'!B172 -> 166 | B171: =VLOOKUP(A171,'BASE DE DATOS'!$B$2:$AB$702,2,0) -> ISLAS SANTOS FERNANDO | C171: =VLOOKUP(A171,'BASE DE DATOS'!$B$2:$AB$6821,12,0) -> 15 PTE. NO. 1705 | D171: =VLOOKUP(A171,'BASE DE DATOS'!$B$2:$AB$6821,13,0) -> 2026
... A228: ='BASE DE DATOS'!B229 -> 220 | B228: =VLOOKUP(A228,'BASE DE DATOS'!$B$2:$AB$702,2,0) -> LOPEZ SANCHEZ ANTONIO | C228: =VLOOKUP(A228,'BASE DE DATOS'!$B$2:$AB$6821,12,0) -> 13 SUR ENTRE 21 Y LATERAL | D228: =VLOOKUP(A228,'BASE DE DATOS'!$B$2:$AB$6821,13,0) -> 2025
A229: ='BASE DE DATOS'!B231 -> 221 | B229: =VLOOKUP(A229,'BASE DE DATOS'!$B$2:$AB$702,2,0) -> LOPEZ SANTOS ARACELI | C229: =VLOOKUP(A229,'BASE DE DATOS'!$B$2:$AB$6821,12,0) -> 13 PONIENTE Y PRIV. DE LA 7 SUR | D229: =VLOOKUP(A229,'BASE DE DATOS'!$B$2:$AB$6821,13,0) -> 0
A230: ='BASE DE DATOS'!B232 -> 222 | B230: =VLOOKUP(A230,'BASE DE DATOS'!$B$2:$AB$702,2,0) -> LOPEZ SANCHEZ ENRIQUE | C230: =VLOOKUP(A230,'BASE DE DATOS'!$B$2:$AB$6821,12,0) -> 21 PTE ESQ. 13 SUR | D230: =VLOOKUP(A230,'BASE DE DATOS'!$B$2:$AB$6821,13,0) -> 2026
A231: ='BASE DE DATOS'!B233 -> 223 | B231: =VLOOKUP(A231,'BASE DE DATOS'!$B$2:$AB$702,2,0) -> LOPEZ SANCHEZ FIDEL | C231: =VLOOKUP(A231,'BASE DE DATOS'!$B$2:$AB$6821,12,0) -> 21 PTE. ENTRE 13 SUR Y CANAL | D231: =VLOOKUP(A231,'BASE DE DATOS'!$B$2:$AB$6821,13,0) -> 2025
A232: ='BASE DE DATOS'!B234 -> 224 | B232: =VLOOKUP(A232,'BASE DE DATOS'!$B$2:$AB$702,2,0) -> LOPEZ SANCHEZ MARIA SOLEDAD | C232: =VLOOKUP(A232,'BASE DE DATOS'!$B$2:$AB$6821,12,0) -> 13 SUR 21 PTE Y CANAL | D232: =VLOOKUP(A232,'BASE DE DATOS'!$B$2:$AB$6821,13,0) -> 2020
A233: ='BASE DE DATOS'!B235 -> 225 | B233: =VLOOKUP(A233,'BASE DE DATOS'!$B$2:$AB$702,2,0) -> LOPEZ SANCHEZ MARIA AMALIA | C233: =VLOOKUP(A233,'BASE DE DATOS'!$B$2:$AB$6821,12,0) -> 15 PTE ENTRE 7 Y 9 SUR | D233: =VLOOKUP(A233,'BASE DE DATOS'!$B$2:$AB$6821,13,0) -> 2026
A234: ='BASE DE DATOS'!B236 -> 226 | B234: =VLOOKUP(A234,'BASE DE DATOS'!$B$2:$AB$702,2,0) -> LOPEZ SANCHEZ MARIA CANDELARIA | C234: =VLOOKUP(A234,'BASE DE DATOS'!$B$2:$AB$6821,12,0) -> 13 SUR ENTRE 21 PTE Y CANAL | D234: =VLOOKUP(A234,'BASE DE DATOS'!$B$2:$AB$6821,13,0) -> 2025
A235: ='BASE DE DATOS'!B237 -> 227 | B235: =VLOOKUP(A235,'BASE DE DATOS'!$B$2:$AB$702,2,0) -> LOPEZ SANCHEZ MARIA DE LOURDES | C235: =VLOOKUP(A235,'BASE DE DATOS'!$B$2:$AB$6821,12,0) -> 21 PONIENTE ENTRE 13 Y 15 SUR | D235: =VLOOKUP(A235,'BASE DE DATOS'!$B$2:$AB$6821,13,0) -> 2026
A236: ='BASE DE DATOS'!B238 -> 228 | B236: =VLOOKUP(A236,'BASE DE DATOS'!$B$2:$AB$702,2,0) -> MONTIEL JIMENEZ MARCO ANTONIO | C236: =VLOOKUP(A236,'BASE DE DATOS'!$B$2:$AB$6821,12,0) -> 15 PTE 15 SUR | D236: =VLOOKUP(A236,'BASE DE DATOS'!$B$2:$AB$6821,13,0) -> 2026
A237: ='BASE DE DATOS'!B239 -> 229 | B237: =VLOOKUP(A237,'BASE DE DATOS'!$B$2:$AB$702,2,0) -> LOPEZ SANCHEZ MARTIN | C237: =VLOOKUP(A237,'BASE DE DATOS'!$B$2:$AB$6821,12,0) -> 13 SUR ENTRE 21 PTE Y CANAL | D237: =VLOOKUP(A237,'BASE DE DATOS'!$B$2:$AB$6821,13,0) -> 2026
A238: ='BASE DE DATOS'!B240 -> 230 | B238: =VLOOKUP(A238,'BASE DE DATOS'!$B$2:$AB$702,2,0) -> LOPEZ SANCHEZ RUFINO | C238: =VLOOKUP(A238,'BASE DE DATOS'!$B$2:$AB$6821,12,0) -> 15 PTE. ENTRE 7 Y 9 SUR | D238: =VLOOKUP(A238,'BASE DE DATOS'!$B$2:$AB$6821,13,0) -> 2026
A239: ='BASE DE DATOS'!B241 -> 231 | B239: =VLOOKUP(A239,'BASE DE DATOS'!$B$2:$AB$702,2,0) -> LOPEZ SANCHEZ SERGIO | C239: =VLOOKUP(A239,'BASE DE DATOS'!$B$2:$AB$6821,12,0) -> 15 PONIENTE ENTRE PRIV 7 SURY 9 SUR | D239: =VLOOKUP(A239,'BASE DE DATOS'!$B$2:$AB$6821,13,0) -> 2026
A240: ='BASE DE DATOS'!B242 -> 232 | B240: =VLOOKUP(A240,'BASE DE DATOS'!$B$2:$AB$702,2,0) -> LOPEZ SANTOS JAVIER | C240: =VLOOKUP(A240,'BASE DE DATOS'!$B$2:$AB$6821,12,0) -> 13 PTE. NO. 908 | D240: =VLOOKUP(A240,'BASE DE DATOS'!$B$2:$AB$6821,13,0) -> 2026
... A246: ='BASE DE DATOS'!B248 -> 237 | B246: =VLOOKUP(A246,'BASE DE DATOS'!$B$2:$AB$702,2,0) -> LOPEZ ZAMORA DELFINO | C246: =VLOOKUP(A246,'BASE DE DATOS'!$B$2:$AB$6821,12,0) -> 15 PTE. ENTRE 7 Y 9 SUR | D246: =VLOOKUP(A246,'BASE DE DATOS'!$B$2:$AB$6821,13,0) -> 2026
A247: ='BASE DE DATOS'!B250 -> 238 | B247: =VLOOKUP(A247,'BASE DE DATOS'!$B$2:$AB$702,2,0) -> LUNA DOROTEO MICAELA FRANCISCA | C247: =VLOOKUP(A247,'BASE DE DATOS'!$B$2:$AB$6821,12,0) -> 19 SUR ESQ. 17 PTE | D247: =VLOOKUP(A247,'BASE DE DATOS'!$B$2:$AB$6821,13,0) -> 2026
A248: ='BASE DE DATOS'!B251 -> 239 | B248: =VLOOKUP(A248,'BASE DE DATOS'!$B$2:$AB$702,2,0) -> LUNA FUENTES EMILIA ROSALIA | C248: =VLOOKUP(A248,'BASE DE DATOS'!$B$2:$AB$6821,12,0) -> 13 PTE. NO. 1109 | D248: =VLOOKUP(A248,'BASE DE DATOS'!$B$2:$AB$6821,13,0) -> 2026
A249: ='BASE DE DATOS'!B252 -> 240 | B249: =VLOOKUP(A249,'BASE DE DATOS'!$B$2:$AB$702,2,0) -> LUNA VELAZQUEZ GUILLERMO | C249: =VLOOKUP(A249,'BASE DE DATOS'!$B$2:$AB$6821,12,0) -> 17 SUR ENTRE 15 Y 17 PTE. | D249: =VLOOKUP(A249,'BASE DE DATOS'!$B$2:$AB$6821,13,0) -> 2026
A250: ='BASE DE DATOS'!B253 -> 241 | B250: =VLOOKUP(A250,'BASE DE DATOS'!$B$2:$AB$702,2,0) -> MACHORRO ROMAN AMADO | C250: =VLOOKUP(A250,'BASE DE DATOS'!$B$2:$AB$6821,12,0) -> 15 PTE ENTRE 11 Y 13 SUR | D250: =VLOOKUP(A250,'BASE DE DATOS'!$B$2:$AB$6821,13,0) -> 2026
A251: ='BASE DE DATOS'!B254 -> 242 | B251: =VLOOKUP(A251,'BASE DE DATOS'!$B$2:$AB$702,2,0) -> MACHORRO ROMAN MARCELINO | C251: =VLOOKUP(A251,'BASE DE DATOS'!$B$2:$AB$6821,12,0) -> 2.-13 SUR 1504 . 1.-11 PTE. 710 | D251: =VLOOKUP(A251,'BASE DE DATOS'!$B$2:$AB$6821,13,0) -> 2026
A252: ='BASE DE DATOS'!B255 -> 243 | B252: =VLOOKUP(A252,'BASE DE DATOS'!$B$2:$AB$702,2,0) -> MACHORRO ROMAN NICOLAS | C252: =VLOOKUP(A252,'BASE DE DATOS'!$B$2:$AB$6821,12,0) -> PRIV 7 SUR ENTRE 11 Y 13 PTE. : 9 SUR ENTRE 13 Y 15 PTE; 2 15 PTE ESQUINA 13 SUR | D252: =VLOOKUP(A252,'BASE DE DATOS'!$B$2:$AB$6821,13,0) -> 2026
A253: ='BASE DE DATOS'!B256 -> 244 | B253: =VLOOKUP(A253,'BASE DE DATOS'!$B$2:$AB$702,2,0) -> MALDONADO PELAEZ ALEJANDRO | C253: =VLOOKUP(A253,'BASE DE DATOS'!$B$2:$AB$6821,12,0) -> 17 PTE. ENTRE 15 Y 17 SUR | D253: =VLOOKUP(A253,'BASE DE DATOS'!$B$2:$AB$6821,13,0) -> 0
A254: ='BASE DE DATOS'!B257 -> 245 | B254: =VLOOKUP(A254,'BASE DE DATOS'!$B$2:$AB$702,2,0) -> MARIA CASTRO MIGUEL | C254: =VLOOKUP(A254,'BASE DE DATOS'!$B$2:$AB$6821,12,0) -> 7 SUR ENTRE 11 Y 13 PTE. | D254: =VLOOKUP(A254,'BASE DE DATOS'!$B$2:$AB$6821,13,0) -> 2026
A255: ='BASE DE DATOS'!B258 -> 246 | B255: =VLOOKUP(A255,'BASE DE DATOS'!$B$2:$AB$702,2,0) -> ALONSO PELAEZ ANALLELY | C255: =VLOOKUP(A255,'BASE DE DATOS'!$B$2:$AB$6821,12,0) -> CAMINO REAL SI NUMERO | D255: =VLOOKUP(A255,'BASE DE DATOS'!$B$2:$AB$6821,13,0) -> 2026
A256: ='BASE DE DATOS'!B259 -> 247 | B256: =VLOOKUP(A256,'BASE DE DATOS'!$B$2:$AB$702,2,0) -> MARIN MORO PAULA | C256: =VLOOKUP(A256,'BASE DE DATOS'!$B$2:$AB$6821,12,0) -> 13 SUR ENTRE 13 Y 15 PTE. | D256: =VLOOKUP(A256,'BASE DE DATOS'!$B$2:$AB$6821,13,0) -> 2026
A257: ='BASE DE DATOS'!B260 -> 248 | B257: =VLOOKUP(A257,'BASE DE DATOS'!$B$2:$AB$702,2,0) -> MARTINEZ GONZALEZ JOSE LUIS | C257: =VLOOKUP(A257,'BASE DE DATOS'!$B$2:$AB$6821,12,0) -> 17 SUR ENTRE 17 PTE. Y CANAL | D257: =VLOOKUP(A257,'BASE DE DATOS'!$B$2:$AB$6821,13,0) -> 2025
A258: ='BASE DE DATOS'!B261 -> 249 | B258: =VLOOKUP(A258,'BASE DE DATOS'!$B$2:$AB$702,2,0) -> MARTINEZ OREA JOSE LUIS | C258: =VLOOKUP(A258,'BASE DE DATOS'!$B$2:$AB$6821,12,0) -> 17 SUR NO. 1708 ENTRE 17 PTE Y CANAL | D258: =VLOOKUP(A258,'BASE DE DATOS'!$B$2:$AB$6821,13,0) -> 2026
... A277: ='BASE DE DATOS'!B280 -> 267 | B277: =VLOOKUP(A277,'BASE DE DATOS'!$B$2:$AB$702,2,0) -> MONTIEL ROMAN GUADALUPE | C277: =VLOOKUP(A277,'BASE DE DATOS'!$B$2:$AB$6821,12,0) -> 11 SUR 1901 ENTRE 19 Y 21 PTE. | D277: =VLOOKUP(A277,'BASE DE DATOS'!$B$2:$AB$6821,13,0) -> 2026
A278: ='BASE DE DATOS'!B282 -> 268 | B278: =VLOOKUP(A278,'BASE DE DATOS'!$B$2:$AB$702,2,0) -> MONTIEL ROMAN LUIS | C278: =VLOOKUP(A278,'BASE DE DATOS'!$B$2:$AB$6821,12,0) -> 11 SUR 1909 ENTRE 19 Y 21 PTE. | D278: =VLOOKUP(A278,'BASE DE DATOS'!$B$2:$AB$6821,13,0) -> 2026
A279: ='BASE DE DATOS'!B283 -> 269 | B279: =VLOOKUP(A279,'BASE DE DATOS'!$B$2:$AB$702,2,0) -> MONTIEL ROMAN MARINA | C279: =VLOOKUP(A279,'BASE DE DATOS'!$B$2:$AB$6821,12,0) -> 19 PTE. ENTRE 11 Y 13 SUR | D279: =VLOOKUP(A279,'BASE DE DATOS'!$B$2:$AB$6821,13,0) -> 2026
A280: ='BASE DE DATOS'!B284 -> 270 | B280: =VLOOKUP(A280,'BASE DE DATOS'!$B$2:$AB$702,2,0) -> MONTIEL ROMAN SUSANA | C280: =VLOOKUP(A280,'BASE DE DATOS'!$B$2:$AB$6821,12,0) -> 19 PTE. ENTRE 11 Y 13 PTE. | D280: =VLOOKUP(A280,'BASE DE DATOS'!$B$2:$AB$6821,13,0) -> 2025
A281: ='BASE DE DATOS'!B285 -> 271 | B281: =VLOOKUP(A281,'BASE DE DATOS'!$B$2:$AB$702,2,0) -> MONTIEL VILLEGAS ALMA ROSA | C281: =VLOOKUP(A281,'BASE DE DATOS'!$B$2:$AB$6821,12,0) -> 13 SUR ENTRE 19 Y 21 PTE- | D281: =VLOOKUP(A281,'BASE DE DATOS'!$B$2:$AB$6821,13,0) -> 2026
A282: ='BASE DE DATOS'!B286 -> 272 | B282: =VLOOKUP(A282,'BASE DE DATOS'!$B$2:$AB$702,2,0) -> MONTIEL VILLEGAS KARINA | C282: =VLOOKUP(A282,'BASE DE DATOS'!$B$2:$AB$6821,12,0) -> 13 SUR ENTRE 19 Y 21 PTE. | D282: =VLOOKUP(A282,'BASE DE DATOS'!$B$2:$AB$6821,13,0) -> 2026
A283: ='BASE DE DATOS'!B287 -> 273 | B283: =VLOOKUP(A283,'BASE DE DATOS'!$B$2:$AB$702,2,0) -> MONTIEL VILLEGAS MARINA | C283: =VLOOKUP(A283,'BASE DE DATOS'!$B$2:$AB$6821,12,0) -> 13 SUR ENTRE 19 Y 21 PTE. | D283: =VLOOKUP(A283,'BASE DE DATOS'!$B$2:$AB$6821,13,0) -> 0
A284: ='BASE DE DATOS'!B288 -> 274 | B284: =VLOOKUP(A284,'BASE DE DATOS'!$B$2:$AB$702,2,0) -> MONTIEL VILLEGAS NOEMI | C284: =VLOOKUP(A284,'BASE DE DATOS'!$B$2:$AB$6821,12,0) -> 13 SUR ESQ. 19 PONIENTE | D284: =VLOOKUP(A284,'BASE DE DATOS'!$B$2:$AB$6821,13,0) -> 2026
A285: ='BASE DE DATOS'!B289 -> 275 | B285: =VLOOKUP(A285,'BASE DE DATOS'!$B$2:$AB$702,2,0) -> MORALES AGUILERA ANA ELSA | C285: =VLOOKUP(A285,'BASE DE DATOS'!$B$2:$AB$6821,12,0) -> 15 SUR ENTRE 17 PTE. Y CANAL | D285: =VLOOKUP(A285,'BASE DE DATOS'!$B$2:$AB$6821,13,0) -> 2026
A286: ='BASE DE DATOS'!B290 -> 276 | B286: =VLOOKUP(A286,'BASE DE DATOS'!$B$2:$AB$702,2,0) -> MORALES DE LOS SANTOS GONZALO | C286: =VLOOKUP(A286,'BASE DE DATOS'!$B$2:$AB$6821,12,0) -> 13 PTE ENTRE 17 Y 19 SUR | D286: =VLOOKUP(A286,'BASE DE DATOS'!$B$2:$AB$6821,13,0) -> 2026
A287: ='BASE DE DATOS'!B291 -> 277 | B287: =VLOOKUP(A287,'BASE DE DATOS'!$B$2:$AB$702,2,0) -> MORALES DE LOS SANTOS MARTHA | C287: =VLOOKUP(A287,'BASE DE DATOS'!$B$2:$AB$6821,12,0) -> 13 PTE. ENTRE 17 Y 19 SUR | D287: =VLOOKUP(A287,'BASE DE DATOS'!$B$2:$AB$6821,13,0) -> 2026
A288: ='BASE DE DATOS'!B292 -> 278 | B288: =VLOOKUP(A288,'BASE DE DATOS'!$B$2:$AB$702,2,0) -> MORALES GONZALEZ MANUEL | C288: =VLOOKUP(A288,'BASE DE DATOS'!$B$2:$AB$6821,12,0) -> 17 PTE. ENTRE 9 Y 11 SUR | D288: =VLOOKUP(A288,'BASE DE DATOS'!$B$2:$AB$6821,13,0) -> 2026
A289: ='BASE DE DATOS'!B293 -> 279 | B289: =VLOOKUP(A289,'BASE DE DATOS'!$B$2:$AB$702,2,0) -> MORALES SANTOS ANGEL | C289: =VLOOKUP(A289,'BASE DE DATOS'!$B$2:$AB$6821,12,0) -> 21 PTE. ENTRE 13 Y 15 SUR | D289: =VLOOKUP(A289,'BASE DE DATOS'!$B$2:$AB$6821,13,0) -> 2026
... A301: ='BASE DE DATOS'!B305 -> 291 | B301: =VLOOKUP(A301,'BASE DE DATOS'!$B$2:$AB$702,2,0) -> NIÑO ROMERO RUBEN | C301: =VLOOKUP(A301,'BASE DE DATOS'!$B$2:$AB$6821,12,0) -> DIAGONAL PREPA | D301: =VLOOKUP(A301,'BASE DE DATOS'!$B$2:$AB$6821,13,0) -> 2026
A302: ='BASE DE DATOS'!B307 -> 292 | B302: =VLOOKUP(A302,'BASE DE DATOS'!$B$2:$AB$702,2,0) -> NOGALES REYES MARGARITA | C302: =VLOOKUP(A302,'BASE DE DATOS'!$B$2:$AB$6821,12,0) -> 15 SUR ENTRE 19 Y 21 PTE. | D302: =VLOOKUP(A302,'BASE DE DATOS'!$B$2:$AB$6821,13,0) -> 2019
A303: ='BASE DE DATOS'!B308 -> 293 | B303: =VLOOKUP(A303,'BASE DE DATOS'!$B$2:$AB$702,2,0) -> NORATO DE LA ROSA JUAN | C303: =VLOOKUP(A303,'BASE DE DATOS'!$B$2:$AB$6821,12,0) -> 13 SUR 1511 ENTRE 15 Y 17 PTE. | D303: =VLOOKUP(A303,'BASE DE DATOS'!$B$2:$AB$6821,13,0) -> 2026
A304: ='BASE DE DATOS'!B309 -> 294 | B304: =VLOOKUP(A304,'BASE DE DATOS'!$B$2:$AB$702,2,0) -> NOTARIO LEON JOSE LUIS | C304: =VLOOKUP(A304,'BASE DE DATOS'!$B$2:$AB$6821,12,0) -> 9 SUR ENTE 13 Y 15 PTE. | D304: =VLOOKUP(A304,'BASE DE DATOS'!$B$2:$AB$6821,13,0) -> 2026
A305: ='BASE DE DATOS'!B310 -> 295 | B305: =VLOOKUP(A305,'BASE DE DATOS'!$B$2:$AB$702,2,0) -> NOTARIO LEON CARLOS | C305: =VLOOKUP(A305,'BASE DE DATOS'!$B$2:$AB$6821,12,0) -> 9 SUR ENTRE 13 Y 15 PTE | D305: =VLOOKUP(A305,'BASE DE DATOS'!$B$2:$AB$6821,13,0) -> 2026
A306: ='BASE DE DATOS'!B312 -> 296 | B306: =VLOOKUP(A306,'BASE DE DATOS'!$B$2:$AB$702,2,0) -> NOTARIO LIMON CONCEPCION | C306: =VLOOKUP(A306,'BASE DE DATOS'!$B$2:$AB$6821,12,0) -> 17 PTE. Y 13 SUR | D306: =VLOOKUP(A306,'BASE DE DATOS'!$B$2:$AB$6821,13,0) -> 2026
A307: ='BASE DE DATOS'!B313 -> 297 | B307: =VLOOKUP(A307,'BASE DE DATOS'!$B$2:$AB$702,2,0) -> PELAEZ VALENTIN ALEJANDRA ISAMAR | C307: =VLOOKUP(A307,'BASE DE DATOS'!$B$2:$AB$6821,12,0) -> 17 SUR 1702 A | D307: =VLOOKUP(A307,'BASE DE DATOS'!$B$2:$AB$6821,13,0) -> 0
A308: ='BASE DE DATOS'!B314 -> 298 | B308: =VLOOKUP(A308,'BASE DE DATOS'!$B$2:$AB$702,2,0) -> NOTARIO LEON MIGUEL | C308: =VLOOKUP(A308,'BASE DE DATOS'!$B$2:$AB$6821,12,0) -> 9 SUR ENTRE 13 Y 15 PTE. | D308: =VLOOKUP(A308,'BASE DE DATOS'!$B$2:$AB$6821,13,0) -> 0
A309: ='BASE DE DATOS'!B315 -> 299 | B309: =VLOOKUP(A309,'BASE DE DATOS'!$B$2:$AB$702,2,0) -> OJEDA NOTARIO AGUSTIN | C309: =VLOOKUP(A309,'BASE DE DATOS'!$B$2:$AB$6821,12,0) -> DIAGONAL PREPA | D309: =VLOOKUP(A309,'BASE DE DATOS'!$B$2:$AB$6821,13,0) -> 0
A310: ='BASE DE DATOS'!B316 -> 300 | B310: =VLOOKUP(A310,'BASE DE DATOS'!$B$2:$AB$702,2,0) -> OJEDA NOTARIO ROMAN | C310: =VLOOKUP(A310,'BASE DE DATOS'!$B$2:$AB$6821,12,0) -> 19 SUR ENTRE 15 Y 17 PTE. | D310: =VLOOKUP(A310,'BASE DE DATOS'!$B$2:$AB$6821,13,0) -> 2026
A311: ='BASE DE DATOS'!B317 -> 301 | B311: =VLOOKUP(A311,'BASE DE DATOS'!$B$2:$AB$702,2,0) -> OJEDA RODRIGUEZ CONCEPCION | C311: =VLOOKUP(A311,'BASE DE DATOS'!$B$2:$AB$6821,12,0) -> 19 SUR ENTRE 15 Y 17 PTE | D311: =VLOOKUP(A311,'BASE DE DATOS'!$B$2:$AB$6821,13,0) -> 2020
A312: ='BASE DE DATOS'!B318 -> 302 | B312: =VLOOKUP(A312,'BASE DE DATOS'!$B$2:$AB$702,2,0) -> MOYA OREA EDGAR | C312: =VLOOKUP(A312,'BASE DE DATOS'!$B$2:$AB$6821,12,0) -> 15 PTE. ENTRE 11 Y 13 SUR | D312: =VLOOKUP(A312,'BASE DE DATOS'!$B$2:$AB$6821,13,0) -> 2026
A313: ='BASE DE DATOS'!B319 -> 303 | B313: =VLOOKUP(A313,'BASE DE DATOS'!$B$2:$AB$702,2,0) -> BARCENAS AVELINO RUBEN | C313: =VLOOKUP(A313,'BASE DE DATOS'!$B$2:$AB$6821,12,0) -> PRIV DE LA 7 SUR NO 1504 | D313: =VLOOKUP(A313,'BASE DE DATOS'!$B$2:$AB$6821,13,0) -> 2019
A314: ='BASE DE DATOS'!B320 -> 304 | B314: =VLOOKUP(A314,'BASE DE DATOS'!$B$2:$AB$702,2,0) -> ORTIZ REYES ALEJANDRO | C314: =VLOOKUP(A314,'BASE DE DATOS'!$B$2:$AB$6821,12,0) -> 15 SUR ENTRE 13 Y 15 PTE. | D314: =VLOOKUP(A314,'BASE DE DATOS'!$B$2:$AB$6821,13,0) -> 0
A315: ='BASE DE DATOS'!B321 -> 305 | B315: =VLOOKUP(A315,'BASE DE DATOS'!$B$2:$AB$702,2,0) -> OYARZABAL MONTERROSAS MA. SILVINA | C315: =VLOOKUP(A315,'BASE DE DATOS'!$B$2:$AB$6821,12,0) -> 17 PTE. ENTRE 11 Y 13 SUR | D315: =VLOOKUP(A315,'BASE DE DATOS'!$B$2:$AB$6821,13,0) -> 2025
A316: ='BASE DE DATOS'!B322 -> 306 | B316: =VLOOKUP(A316,'BASE DE DATOS'!$B$2:$AB$702,2,0) -> PELAEZ CRUZ JORGE | C316: =VLOOKUP(A316,'BASE DE DATOS'!$B$2:$AB$6821,12,0) -> 17 SUR ENTRE 17 Y CANAL | D316: =VLOOKUP(A316,'BASE DE DATOS'!$B$2:$AB$6821,13,0) -> 2026
A317: ='BASE DE DATOS'!B323 -> 307 | B317: =VLOOKUP(A317,'BASE DE DATOS'!$B$2:$AB$702,2,0) -> PELAEZ JIMENEZ FERNANDO | C317: =VLOOKUP(A317,'BASE DE DATOS'!$B$2:$AB$6821,12,0) -> 13 PTE. ENTRE 17 Y 19 SUR | D317: =VLOOKUP(A317,'BASE DE DATOS'!$B$2:$AB$6821,13,0) -> 2026
... A373: ='BASE DE DATOS'!B379 -> 363 | B373: =VLOOKUP(A373,'BASE DE DATOS'!$B$2:$AB$702,2,0) -> RODRIGUEZ LOPEZ JOSE | C373: =VLOOKUP(A373,'BASE DE DATOS'!$B$2:$AB$6821,12,0) -> 15 SUR ENTRE LATERAL Y BARRANCA | D373: =VLOOKUP(A373,'BASE DE DATOS'!$B$2:$AB$6821,13,0) -> 2026
A374: ='BASE DE DATOS'!B381 -> 364 | B374: =VLOOKUP(A374,'BASE DE DATOS'!$B$2:$AB$702,2,0) -> RODRIGUEZ LOPEZ JUANA | C374: =VLOOKUP(A374,'BASE DE DATOS'!$B$2:$AB$6821,12,0) -> CALLE DIAGONAL PREPA | D374: =VLOOKUP(A374,'BASE DE DATOS'!$B$2:$AB$6821,13,0) -> 2026
A375: ='BASE DE DATOS'!B382 -> 365 | B375: =VLOOKUP(A375,'BASE DE DATOS'!$B$2:$AB$702,2,0) -> RODRIGUEZ LOPEZ VICENTE | C375: =VLOOKUP(A375,'BASE DE DATOS'!$B$2:$AB$6821,12,0) -> 13 PTE. ENTRE 15 Y 17SUR | D375: =VLOOKUP(A375,'BASE DE DATOS'!$B$2:$AB$6821,13,0) -> 2026
A376: ='BASE DE DATOS'!B383 -> 366 | B376: =VLOOKUP(A376,'BASE DE DATOS'!$B$2:$AB$702,2,0) -> RODRIGUEZ MACHORRO RAUL | C376: =VLOOKUP(A376,'BASE DE DATOS'!$B$2:$AB$6821,12,0) -> 11 PONENTE NO 706 PRIVADA 7 SUR . | D376: =VLOOKUP(A376,'BASE DE DATOS'!$B$2:$AB$6821,13,0) -> 2026
A377: ='BASE DE DATOS'!B384 -> 367 | B377: =VLOOKUP(A377,'BASE DE DATOS'!$B$2:$AB$702,2,0) -> RODRIGUEZ MALDONADO CARMELO | C377: =VLOOKUP(A377,'BASE DE DATOS'!$B$2:$AB$6821,12,0) -> 15 PTE NO 1113. ENTRE 11 Y 13 SUR | D377: =VLOOKUP(A377,'BASE DE DATOS'!$B$2:$AB$6821,13,0) -> 2025
A378: ='BASE DE DATOS'!B385 -> 368 | B378: =VLOOKUP(A378,'BASE DE DATOS'!$B$2:$AB$702,2,0) -> RODRIGUEZ MALDONADO EVELIO | C378: =VLOOKUP(A378,'BASE DE DATOS'!$B$2:$AB$6821,12,0) -> 15 PTE. ENTRE 19 SUR y DiAGONAL | D378: =VLOOKUP(A378,'BASE DE DATOS'!$B$2:$AB$6821,13,0) -> 2026
A379: ='BASE DE DATOS'!B386 -> 369 | B379: =VLOOKUP(A379,'BASE DE DATOS'!$B$2:$AB$702,2,0) -> RODRIGUEZ MALDONADO GABINO | C379: =VLOOKUP(A379,'BASE DE DATOS'!$B$2:$AB$6821,12,0) -> 15 SUR NO. 1106 | D379: =VLOOKUP(A379,'BASE DE DATOS'!$B$2:$AB$6821,13,0) -> 2026
A380: ='BASE DE DATOS'!B387 -> 370 | B380: =VLOOKUP(A380,'BASE DE DATOS'!$B$2:$AB$702,2,0) -> RODRIGUEZ MALDONADO LEOBARDO | C380: =VLOOKUP(A380,'BASE DE DATOS'!$B$2:$AB$6821,12,0) -> 19 SUR ENTRE 15 Y 17 PTE. | D380: =VLOOKUP(A380,'BASE DE DATOS'!$B$2:$AB$6821,13,0) -> 2026
A381: ='BASE DE DATOS'!B388 -> 371 | B381: =VLOOKUP(A381,'BASE DE DATOS'!$B$2:$AB$702,2,0) -> RODRIGUEZ MALDONADO LUCAS | C381: =VLOOKUP(A381,'BASE DE DATOS'!$B$2:$AB$6821,12,0) -> 13 PONIENTEE 1303 | D381: =VLOOKUP(A381,'BASE DE DATOS'!$B$2:$AB$6821,13,0) -> 2026
A382: ='BASE DE DATOS'!B389 -> 372 | B382: =VLOOKUP(A382,'BASE DE DATOS'!$B$2:$AB$702,2,0) -> RODRIGUEZ MALDONADO LUIS | C382: =VLOOKUP(A382,'BASE DE DATOS'!$B$2:$AB$6821,12,0) -> 13 PTE. ENTRE 13 Y 15 PTE. | D382: =VLOOKUP(A382,'BASE DE DATOS'!$B$2:$AB$6821,13,0) -> 2026
A383: ='BASE DE DATOS'!B390 -> 373 | B383: =VLOOKUP(A383,'BASE DE DATOS'!$B$2:$AB$702,2,0) -> RODRIGUEZ MALDONADO VIRGINIA | C383: =VLOOKUP(A383,'BASE DE DATOS'!$B$2:$AB$6821,12,0) -> 15 SUR ENTRE 11 Y 13 PTE. 2015 | D383: =VLOOKUP(A383,'BASE DE DATOS'!$B$2:$AB$6821,13,0) -> 2026
A384: ='BASE DE DATOS'!B391 -> 374 | B384: =VLOOKUP(A384,'BASE DE DATOS'!$B$2:$AB$702,2,0) -> RODRIGUEZ MALDONADO SERGIO | C384: =VLOOKUP(A384,'BASE DE DATOS'!$B$2:$AB$6821,12,0) -> 15 PONIENTE NO. 1904 ENTRRE 15 Y 19 DIAGONAL | D384: =VLOOKUP(A384,'BASE DE DATOS'!$B$2:$AB$6821,13,0) -> 2026
A385: ='BASE DE DATOS'!B392 -> 375 | B385: =VLOOKUP(A385,'BASE DE DATOS'!$B$2:$AB$702,2,0) -> RODRIGUEZ MARTINEZ JOSE MANUEL | C385: =VLOOKUP(A385,'BASE DE DATOS'!$B$2:$AB$6821,12,0) -> 21 PTE NO. 1705 | D385: =VLOOKUP(A385,'BASE DE DATOS'!$B$2:$AB$6821,13,0) -> 0
... A404: ='BASE DE DATOS'!B411 -> 392 | B404: =VLOOKUP(A404,'BASE DE DATOS'!$B$2:$AB$702,2,0) -> RODRIGUEZ SANTOS JUAN CARLOS | C404: =VLOOKUP(A404,'BASE DE DATOS'!$B$2:$AB$6821,12,0) -> 15 PONIENTE NO. 1505 BARRIO SAN ANTONIO | D404: =VLOOKUP(A404,'BASE DE DATOS'!$B$2:$AB$6821,13,0) -> 2025
A405: ='BASE DE DATOS'!B413 -> 393 | B405: =VLOOKUP(A405,'BASE DE DATOS'!$B$2:$AB$702,2,0) -> 0 | C405: =VLOOKUP(A405,'BASE DE DATOS'!$B$2:$AB$6821,12,0) -> 13 PONIENTE S N | D405: =VLOOKUP(A405,'BASE DE DATOS'!$B$2:$AB$6821,13,0) -> 2016
A406: ='BASE DE DATOS'!B414 -> 394 | B406: =VLOOKUP(A406,'BASE DE DATOS'!$B$2:$AB$702,2,0) -> RODRIGUEZ SANTOS FILEMON GUADALUPE | C406: =VLOOKUP(A406,'BASE DE DATOS'!$B$2:$AB$6821,12,0) -> 11 SUR ENTRE 21 Y 23 PTE. | D406: =VLOOKUP(A406,'BASE DE DATOS'!$B$2:$AB$6821,13,0) -> 2026
A407: ='BASE DE DATOS'!B415 -> 395 | B407: =VLOOKUP(A407,'BASE DE DATOS'!$B$2:$AB$702,2,0) -> RODRIGUEZ SANTOS JOSE LUIS | C407: =VLOOKUP(A407,'BASE DE DATOS'!$B$2:$AB$6821,12,0) -> 11 SUR ENTRE 15 Y 17 PTE. | D407: =VLOOKUP(A407,'BASE DE DATOS'!$B$2:$AB$6821,13,0) -> 2019
A408: ='BASE DE DATOS'!B416 -> 396 | B408: =VLOOKUP(A408,'BASE DE DATOS'!$B$2:$AB$702,2,0) -> ROMERO LOPEZ VANESA | C408: =VLOOKUP(A408,'BASE DE DATOS'!$B$2:$AB$6821,12,0) -> 7 SUR NUM. 1701 INTERIOR No. 3 | D408: =VLOOKUP(A408,'BASE DE DATOS'!$B$2:$AB$6821,13,0) -> 2026
...

Sheet BASE DE DATOS
A1: OBSERVACIONES ANTERIOR COMITÉ | B1: No. USUARIO | C1: NOMBRE | D1: SECCIONAR | E1: T. POZO | F1: TOMA | G1: CONAGUA | H1: DRENAJE | I1: HIDRANTE | J1: INQUILINO | K1: VACAS | L1: OBSERVACIONES | M1: DIRECCION | N1: AÑO | O1: ENERO | P1: FEBRERO | Q1: MARZO | R1: ABRIL | S1: MAYO | T1: JUNIO | U1: JULIO | V1: AGOSTO | W1: SEPTIEMBRE | X1: OCTUBRE | Y1: NOVIEMBRE | Z1: DICIEMBRE | AA1: OBSERVACIONES ANTERIOR COMITÉ | AB1: 2019
B2: 1 | C2: ABUNDIO CRESCENCIO LORENZO | D2: 300 | E2: 150 | F2: 1 | G2: 320 | M2: 15 PONIENTE ESQ, 7 SUR | N2: 2026
B3: 2 | C3: ABUNDIO JIMENEZ LEOBARDO | D3: 300 | E3: 150 | F3: 1 | G3: 320 | M3: 7 SUR ENTRE 11 Y 13 PONIENTE | N3: 2023 | O3: PAGADO | P3: PAGADO | Q3: PAGADO | R3: PAGADO | S3: PAGADO | AB3: PENDIENTE INASISTENCIAS
B4: 3 | C4: ABUNDIO JIMENEZ ROMARICO | D4: 300 | E4: 150 | F4: 1 | G4: 320 | M4: 7 SUR ENTRE 11 Y 13 PTE | N4: 2026
B5: 4 | C5: ABUNDIO JUAREZ GABRIELA | D5: 300 | E5: 150 | F5: 1 | G5: 320 | M5: 7 SUR ENTRE 15 Y 17 PTE. | N5: 2026
B6: 5 | C6: ABUNDIO JUAREZ JOSE LUIS | D6: 300 | E6: 150 | F6: 1 | G6: 320 | M6: 15 PTE. NO. 2006 | N6: 2026
A7: CANCELADA | B7: 6 | C7: ABUNDIO JUAREZ ROSA MARIA | F7: 1 | G7: CORTADA | M7: 7 SUR ENTRE 15 Y 17 PONIENTE | N7: 0 | O7: CORTADA | AA7: CANCELADA
B8: 7 | C8: ABUNDIO JUAREZ VICTOR GUILLERMO | D8: 300 | E8: 150 | F8: 1 | G8: 320 | M8: 7 SUR ENTRE 11 Y 13 PTE. | N8: 2026
B9: 8 | C9: ABUNDIO LOPEZ JESUS MAURO | D9: 600 | E9: 300 | F9: 2 | G9: 320 | M9: 7 SUR ENTRE 11 Y 13 PONIENTE | N9: 2023 | O9: PAGADO 2 | P9: PAGADO 2 | Q9: PAGADO 2 | R9: PAGADO 2 | S9: PAGADO 2 | AB9: PENDIENTE INASISTENCIAS, TIENE DOS TOMAS Y SIGUE ATRASADO
A10: CAMBIO DE DOMICILIO | B10: 9 | C10: ABUNDIO RODRIGUEZ LUIS MANUEL | F10: 1 | M10: 15 PTE. NO. 2006 ENT. 7 Y 9 SUR | N10: 0 | S10: PAGADO | T10: PAGADO | U10: PAGADO | V10: PAGADO | AA10: CAMBIO DE DOMICILIO
B11: 10 | C11: ADAN GONZALEZ LIDIA | D11: 300 | E11: 150 | F11: 1 | G11: 320 | H11: NO | M11: 9 SUR ENTRE 21 PTE. Y CANAL | N11: 2026
B12: 11 | C12: AGUILAR GUERRERO JESUS | D12: 300 | E12: 150 | F12: 1 | G12: 320 | H12: NO | M12: 9 SUR ENTRE 21 PTE. Y CANAL | N12: 2026
B13: 12 | C13: ALCANTARA ANGEL AMELIA | D13: 600 | E13: 300 | F13: 2 | G13: 320 | M13: 13 PONIENE 701 ENTRE 7 Y 9 SUR | N13: 2025 | O13: PAGADO | P13: PAGADO | Q13: PAGADO | R13: PAGADO | S13: PAGADO | T13: PAGADO | U13: PAGADO | V13: PAGADO | AB13: TOMA NUEVA EN OCT 2017
B14: 13 | C14: ALEJO CASTILLO MERCED | E14: 150 | F14: 1 | G14: 320 | M14: 17 PONIENTE ENTRE 15 Y 17 SUR | N14: 2026
A15: CANCELADA | B15: 14 | C15: ALONSO MONTIEL ARIADNA | F15: 1 | M15: 17 SUR ENTRE 15 Y 17 PTE. | N15: 0 | AA15: CANCELADA
B16: 15 | C16: ALONSO MONTIEL JORGE | D16: 300 | E16: 150 | F16: 1 | M16: 17 SUR ENTRE 15 Y 17 PTE. | N16: 2026
B17: 16 | C17: ANDRADE JIMENEZ JUAN MARINO | D17: 300 | E17: 150 | F17: 1 | G17: 320 | M17: 11 SUR ENTRE 15 Y 17 PTE. | N17: 2024
B18: 17 | C18: ANDRADE LOPEZ LUIS | D18: 300 | E18: 150 | F18: 1 | G18: 320 | M18: 13 SUR ENTRE 21 | N18: 2026
B19: 18 | C19: ANDRADE MENDEZ JUAN | D19: 300 | E19: 150 | F19: 1 | G19: 320 | J19: 2 | M19: 7 PTE. NO. 1503 | N19: 2026
B20: 19 | C20: ANDRADE VAZQUEZ FERNANDO | D20: 600 | E20: 300 | F20: 2 | G20: 640 | H20: NO | J20: 1 | M20: 21 PTE. ENTRE 7 Y 9 SUR | N20: 2026 | AB20: 3 TOMAS
B21: 20 | C21: APOLINAR VELAZQUEZ JESUS ANTONIO | D21: 300 | E21: 150 | F21: 1 | G21: 320 | M21: 15 PONIENTEE 710 7 Y 9 SUR | N21: 2025
B22: 21 | C22: ARENAS GONZALEZ JAQUELINE | D22: 300 | E22: 150 | F22: 1 | G22: 320 | H22: NO | M22: 19 PTE. ENTRE 11 Y 13 SUR | N22: 2026
B23: 22 | C23: ARENAS GONZALEZ RODOLFO | D23: 300 | E23: 150 | F23: 1 | G23: 320 | H23: NO | M23: 19 PTE. ESQ. 11 SUR | N23: 2026 | AB23: PAGO 12 INASISTENCIAS
B24: 23 | C24: GONZALEZ ZUÑIGA MARIA ENRIQUETA | D24: 300 | E24: 150 | F24: 1 | G24: 320 | M24: 11 SUR ENTRE 13 Y 15 PTE. | N24: 2026
B25: 24 | C25: AVELINO MONTIEL FERNANDO | D25: 300 | E25: 150 | F25: 1 | G25: 320 | H25: NO | M25: 9 SUR ENTRE 19 Y 21 PTE. | N25: 2026
B26: 25 | C26: AVELINO ALEJO DANIEL | D26: 300 | E26: 150 | F26: 1 | G26: 320 | M26: 13 PONIENTE Y 15 SUR | N26: 2026
B27: 26 | C27: AVELINO ALEJO MIGUEL | D27: 300 | E27: 150 | F27: 1 | G27: 320 | M27: 15 SUR 1107 | N27: 2026
B28: 27 | C28: AVELINO ANDRADE RUTH | D28: 300 | E28: 150 | F28: 1 | G28: 320 | M28: 7 SUR ESQ, 17 PTE. | N28: 2026 | AB28: PAGO 3 INASISTENCIAS
B29: 28 | C29: AVELINO HERNANDEZ GABRIEL | D29: 300 | E29: 150 | F29: 1 | G29: 320 | H29: NO | M29: 21 PTE. ENTRE 7 Y 9 SUR5 | N29: 2026
B30: 29 | C30: AVELINO MONTIEL EMILIA | D30: 300 | E30: 150 | F30: 1 | G30: 320 | H30: NO | M30: 13 SUR ENTRE CANAL Y BARRANCA | N30: 2026
B31: 30 | C31: AVELINO MONTIEL GUADALUPE | D31: 300 | E31: 150 | F31: 1 | G31: 320 | H31: NO | M31: 9 SUR ENTRE 19 Y 21 PTE | N31: 2024
B32: 31 | C32: AVELINO MONTIEL LUCIA | D32: 300 | E32: 150 | F32: 1 | G32: 640 | H32: y si la paga | M32: 13 SUR 1105 Y 9 SUR | N32: 2026 | AB32: PAGA 1 TOM FALTA 1 DE 35 PAGO UN INQUILINO DE EN ERO A DIC. DE 2020.
B33: 31A | C33: AVELINO MONTIEL LUCIA | D33: 300 | F33: 1 | M33: 9 SUR # 2105 | N33: 2026
B34: 32 | C34: AVELINO MONTIEL MARCELA | D34: 300 | E34: 150 | F34: 1 | G34: 320 | L34: PAGA DOS INQUILINOS HASTA MAYO 2025 | M34: 13 SUR NO. 1102 ENTRE 11 Y 13 PON | N34: 2026 | AB34: PAGO DE 3 INQUILINOS DE JUNIO A OCT. 2019
B35: 33 | C35: AVELINO NOTARIO EFRAIN | D35: 300 | E35: 150 | F35: 1 | G35: 320 | H35: NO | M35: 11 SUR ENTRE 21 Y 23 PTE. | N35: 2026
B36: 34 | C36: AVELINO NOTARIO GILBERTO | D36: 300 | E36: 150 | F36: 1 | G36: 320 | H36: NO | M36: 23 PTE. ENTRE 9 Y 11 SUR | N36: 2026
B37: 35 | C37: AVELINO NOTARIO LILIA | D37: 300 | E37: 150 | F37: 1 | G37: 320 | H37: NO | M37: 21 PTE. ENTRE 7 Y 9 SUR | N37: 2026 | AB37: PAGO 2 NASISTENCIAS
B38: 36 | C38: AVELINO NOTARIO MARIELA | D38: 300 | E38: 150 | F38: 1 | G38: 320 | M38: 11 SUR No.-2109 ENTRE LATERAL Y BARRANCA | N38: 2026
B39: 37 | C39: AVELINO NOTARIO MONICA | D39: 300 | E39: 150 | F39: 1 | G39: 320 | H39: NO | M39: 21 PTE. ENTRE 7 Y 9 SUR | N39: 2026
A40: CANCELADA | B40: 38 | C40: AVELINO OJEDA ABRAHAM | F40: 1 | M40: 9 SUR ENTRE 21 PTE | N40: 0 | O40: CANCELADA | AA40: CANCELADA
B41: 39 | C41: AVELINO ROBLES CANDELARIA | D41: 600 | E41: 300 | F41: 2 | G41: 320 | H41: NO | M41: 11 SUR ENTRE 21 PTE. Y CANAL | N41: 2026
B42: 40 | C42: AVELINO ROBLES JUANA | D42: 900 | E42: 450 | F42: 3 | G42: 640 | H42: NO | M42: 1 T /21 PONIENTE 1T/ 17 SUR 1502 1T/21 PONIENTE 2106 | N42: 2026
B43: 41 | C43: AVELINO ROBLES MARGARITA | D43: 300 | E43: 150 | F43: 1 | G43: 640 | H43: NO | M43: 11 SUR ENTRE 21 PTE. Y CANAL | N43: 2026
B44: 41A | C44: DEONATE AVELINO KEVIN | D44: 300 | E44: 150 | F44: 1 | L44: SE INSTALO SU TOMA EL 6 DE JUNIO DE 2025 | M44: 11 SUR ENTRE LATERAL Y BARRANCA | N44: 2026
B45: 42 | C45: AVELINO ROMERO AGUSTINA | D45: 300 | E45: 150 | F45: 1 | G45: 320 | H45: NO | M45: 19 PONIENTE ESQ. 9 SUR | N45: 2026
A46: º | B46: 43 | C46: AVELINO ROMERO JOSE MIGUEL | D46: 900 | E46: 450 | F46: 3 | G46: 320 | M46: 13 SUR No 1501 Y 2 TOMAS EN 11 SUR No.1704 | N46: 2026 | AA46: º | AB46: PAGA 3 TOMAS I DE $45 Y 2 TOMAS DE $35
B47: 44 | C47: AVELINO ROMERO MANUEL | D47: 600 | E47: 300 | F47: 2 | G47: 640 | H47: NO | M47: 11 SUR ENTRE 19 Y 21 PTE. | N47: 2026
B48: 45 | C48: AVELINO ROMERO MARCELINO | D48: 300 | E48: 150 | F48: 1 | G48: 320 | H48: NO | K48: 6 | M48: 19 PTE. ESQ. 9 SUR | N48: 2026
B49: 46 | C49: AVELINO ROMERO MAURA | D49: 300 | E49: 150 | F49: 1 | G49: 320 | H49: NO | M49: 19 PTE. ESQ. 9 SUR | N49: 2026
B50: 47 | C50: AVELINO ROMERO MAXIMINO | D50: 300 | E50: 150 | F50: 1 | G50: 320 | H50: NO | M50: 9 SUR ENTRE 19 Y 21 PTE. | N50: 2026
B51: 48 | C51: AVELINO SANTOS ALFONSO | D51: 300 | E51: 150 | F51: 1 | G51: 320 | H51: NO | M51: 9 SUR ENTRE 19 Y 21 PTE. | N51: 2026
B52: 49 | C52: AVELINO SANTOS FRANCISCO | D52: 300 | E52: 150 | F52: 1 | G52: 320 | H52: NO | M52: 11 SUR ENTRE LA 21 Y LATERAL VALSEQUILLO | N52: 2025 | O52: PAGADO | P52: PAGADO | Q52: PAGADO | R52: PAGADO | S52: PAGADO | T52: PAGADO | U52: PAGADO | V52: PAGADO | W52: PAGADO | X52: PAGADO | Y52: PAGADO | AB52: PAGA UN INQ. SEPTIEMBRE 2019 1 MES
B53: 50 | C53: AVELINO SANTOS GAUDENCIO | D53: 300 | E53: 150 | F53: 1 | G53: 320 | H53: NO | M53: 21 PTE- ESQ. 7 SUR | N53: 2026
B54: 51 | C54: AVELINO SANTOS GRICELDA | D54: 300 | E54: 150 | F54: 1 | G54: 320 | H54: NO | I54: 1 | M54: 9 SUR ENTRE 21 PTE. Y CANAL | N54: 2026 | AB54: PENDIENTES ASISTENCIAS AÑO 2019
B55: 51A | C55: AVELINO SANTOS GRISELDA | D55: 300 | E55: 150 | F55: 1 | M55: 15 PONIENTE 1303 ENTRE 13 Y 15 SUR | N55: 2026
B56: 52 | C56: AVELINO SANTOS HERMELINDA GUADALUPE | D56: 300 | E56: 150 | F56: 1 | G56: 320 | H56: NO | L56: PAGA UN INQUILINO HASTA MARZO DE 2025 Y DIO DE BAJA | M56: 11 SUR ENTRE 21 PTE, Y CANAL | N56: 2025 | O56: PAGADO | P56: PAGADO | Q56: PAGADO | R56: PAGADO | S56: PAGADO | T56: PAGADO
B57: 53 | C57: AVELINO SANTOS JULIA | D57: 300 | E57: 150 | F57: 1 | G57: 320 | H57: NO | M57: 11 SUR ENTRE 21 PTE. Y CANAL | N57: 2026
B58: 54 | C58: SANTOS PELAEZ MARCELO | D58: 300 | E58: 300 | F58: 2 | G58: 640 | M58: CALLE 15 SUR 1306 Y ESQ. 13 PTE. Y CALLE SAN ANTONIO | N58: 2025 | O58: PAGADO | P58: PAGADO | Q58: PAGADO | R58: PAGADO | S58: PAGADO | T58: PAGADO | U58: PAGADO | V58: PAGADO | W58: PAGADO | AB58: INQ DADO DE ALTA EN SEP 2017
B59: 55 | C59: AVELINO SANTOS NATIVIDAD | D59: 300 | E59: 150 | F59: 1 | G59: 320 | H59: NO | M59: 9 SUR ENTRE 21 PTE Y CANAL | N59: 2026 | AB59: PAGO INASISTENCIAS ENERO A MAYO 2019
A60: BAJA POR EDAD AVANZADA | B60: 56 | C60: AVELINO SANTOS VILIULFO | AA60: BAJA POR EDAD AVANZADA
B61: 57 | C61: BARCENAS AVELINO EDITH | D61: 300 | E61: 150 | F61: 1 | G61: 320 | M61: 7 SUR ESQ. 11 PTE. | N61: 2026 | AB61: PAGO 3 INASISTENCIAS
B62: 58 | C62: BECERRA SANCHEZ JESUS | D62: 300 | E62: 150 | F62: 1 | G62: 320 | L62: PAGO A OCTUBRE DE 2024 EJOTEROS Y DA DE BAJA | M62: 17 SUR ENTRE 17 PTE Y CANAL | N62: 2026
B63: 59 | C63: ZAMORA ROSAS RAFAEL | D63: 300 | E63: 150 | G63: 320 | I63: 1 | M63: PRIVADA DE LA SIETE SUR S/N | N63: 2026
B64: 60 | C64: BENITEZ RAMOS MARIA CONCEPCION | D64: 300 | E64: 150 | F64: 1 | G64: 320 | M64: CALE 15 SUR NO 1902 -A | N64: 2026
B65: 61 | C65: BERNARDO DE JESUS SAUL | D65: 300 | E65: 150 | F65: 1 | G65: 320 | M65: 13 SUR ENTRE 15 Y 17 PTE. | N65: 2026
A66: CANCELADA | B66: 62 | C66: BONILLA MUÑOZ HILDA | F66: 1 | M66: 9 SUR ENTRE 21 PTE Y CANAL | N66: 0 | O66: CANCELADA | AA66: CANCELADA
B67: 63 | C67: BOURET FLORES AMELIA | D67: 300 | E67: 150 | F67: 1 | G67: 320 | M67: 13 PTE ENTRE 7 Y 9 SUR | N67: 2026 | AB67: PAGO INQ. MAYO 2015 ENERO 2016
A68: CANCELADA | B68: 64 | C68: BRAMBILLA SANTIAGO CIRILO | D68: 300 | E68: 150 | F68: 1 | G68: 320 | M68: 15 PONIENTE ENTRE 7 Y 9 SUR | N68: 2026 | AA68: CANCELADA
B69: 65 | C69: BRETON LIMON ALICIA | D69: 300 | E69: 150 | F69: 1 | G69: 320 | H69: 300 | M69: 17 PONIENTE ENTRE 9 Y 11 SUR | N69: 2026
B70: 66 | C70: PELAEZ VAZQUEZ GUADALUPE | D70: 300 | E70: 150 | F70: 1 | G70: 320 | M70: 15 SUR ENTRE 15 Y 17 PTE | N70: 2025 | Y70: PENDIENTE 6 INASISTENCIAS
B71: 67 | C71: RIOS SALAS DIANA MARIA | D71: 300 | E71: 150 | F71: 1 | G71: 320 | M71: 9 SUR ENTRE 21 PTE Y CANAL | N71: 2026
B72: 68 | C72: CADENA SANTOS MARIA DEL CARMEN | D72: 300 | E72: 150 | F72: 1 | G72: 320 | I72: 1 | M72: 15 PONIENTE ENTRE 9 Y 11 SUR | N72: 2026
B73: 69 | C73: BECERRA SANCHEZ BRENDA | D73: 300 | E73: 150 | I73: 1 | L73: ALTA 28 DE ENERO 2024 | M73: 17 SUR 1509 | N73: 2026
B74: 70 | C74: CADENA SANTOS IGNACIO | D74: 300 | E74: 150 | F74: 1 | G74: 320 | M74: 15 PTE ESQ. 11 SUR | N74: 2026 | AB74: PENDIENTE INASISTENCIAS 2019
B75: 71 | C75: CADENA SANTOS MARIA LUISA | D75: 300 | E75: 150 | F75: 1 | G75: 320 | M75: 15 PTE ENTRE 9 Y 11 SUR | N75: 2021
B76: 72 | C76: CADENA SANTOS PEDRO | D76: 300 | E76: 150 | F76: 1 | G76: 320 | M76: 11 SUR ENTRE 15 Y 17 PTE | N76: 2025 | AB76: PENDIENTE INASISTENCIAS
A77: BAJA | B77: 73 | C77: ALDUCIN CALDERON GRISELDA | F77: 1 | G77: 320 | J77: 1 | M77: PRIVADA DE LA 7 SUR NO 703 | N77: 0 | AA77: BAJA
B78: 74 | C78: CAMACHO SANTOS HILDA | D78: 300 | E78: 150 | F78: 1 | G78: 320 | M78: 17 PTE ENTRE 9 Y 11 SUR | N78: 2026 | AB78: PENDIENTES MULTAS DE ABRIL A DICIMBRE 2018
B79: 75 | C79: CAMACHO SANTOS ROSA MARIA | D79: 1200 | E79: 600 | F79: 4 | G79: 1920 | J79: 6 | M79: 17 PONIENTE ENTRE 11 Y 13 SUR | N79: 2025 | O79: PAGADO | P79: PAGADO | Q79: PAGADO | R79: PAGADO | S79: PAGADO | T79: PAGADO | AB79: PAGO DE 6 INQUILINOS MAYO Y JUNIO 2019
B80: 76 | C80: CANCINO CANO ANGEL | D80: 600 | E80: 300 | F80: 2 | G80: 640 | J80: 2 | M80: 17 PTE ENTRE 13 Y 15 SUR Y 13 SUR ENTRE 17 PTE Y CANAL | N80: 2026
B81: 77 | C81: CANCINO CANO JAVIER | D81: 300 | E81: 150 | F81: 1 | G81: 320 | M81: 17 PONIENTE ENTRE 13 Y 15 SUR | N81: 2026
B82: 78 | C82: CANCINO CEBADA ARMANDO | D82: 300 | E82: 150 | G82: 320 | I82: 1 | M82: 17 PTE ENTRE 13 Y 15 SUR | N82: 2024
B83: 79 | C83: CANCINO CEBADA CLARA | D83: 300 | E83: 150 | F83: 1 | G83: 320 | M83: 17 PTE ENTRE 13 Y 15 SUR | N83: 2025 | O83: PAGADO | P83: PAGADO | Q83: PAGADO | R83: PAGADO | S83: PAGADO | T83: PAGADO | U83: PAGADO | V83: PAGADO | W83: PAGADO
B84: 80 | C84: CANCINO CEBADA JAVIER | D84: 300 | E84: 150 | G84: 320 | I84: 1 | M84: 17 PTE ENTRE 13 Y 15 SUR | N84: 2024
B85: 81 | C85: CASTILLO ORDUÑA MARCELINO | D85: 300 | E85: 150 | F85: 1 | G85: 320 | H85: NO | M85: 19 PTE ENTRE 7 Y 9 SUR | N85: 2026
B86: 82 | C86: CEBADA DE LOS SANTOS MARIA GUADALUPE | D86: 300 | E86: 150 | F86: 1 | G86: 320 | M86: 17 PTE S/N ENTRE 13 Y 15 SUR | N86: 2025 | O86: PAGADO | P86: PAGADO | Q86: PAGADO | R86: PAGADO | S86: PAGADO | T86: PAGADO | U86: PAGADO | V86: PAGADO | W86: PAGADO
B87: 83 | C87: CEBADA LIMON ROBERTO | D87: 300 | E87: 150 | F87: 1 | G87: 320 | K87: 5 | M87: 17 PTE ENTRE 13 Y 15 SUR | N87: 2025 | O87: PAGADO | P87: PAGADO | Q87: PAGADO | R87: PAGADO | S87: PAGADO | T87: PAGADO | U87: PAGADO | V87: PAGADO | W87: PAGADO
B88: 84 | C88: CEREZO RODRIGUEZ JOSE ALVARO | D88: 300 | E88: 150 | F88: 1 | G88: 320 | M88: 17 SUR ENTRE 13 Y 15 PTE | N88: 2026
B89: 85 | C89: CERVANTES VERA YESSICA | D89: 300 | E89: 150 | F89: 1 | G89: 320 | M89: 15 SUR ENTRE 11 Y 13 PTE | N89: 2026
B90: 86 | C90: CHAVEZ GUZMAN CESAR | D90: 300 | E90: 150 | F90: 1 | G90: 640 | M90: 13 SUR ENTRE 15 Y 19 PTE | N90: 2026
B91: 87 | C91: CHAVEZ GUZMAN PABLO | F91: 1 | G91: 640 | I91: 1 | L91: CORTADA | M91: 13 SUR ENTRE 19 Y 21 PTE | O91: 2021
B92: 88 | C92: CHAVEZ GUZMAN ADRIAN | F92: 1 | G92: 640 | L92: CORTADA | M92: 13 SUR ENTRE 17 Y 19 PTE | O92: 2021
A93: BAJA | B93: 89 | C93: PELAEZ GONZALEZ SONIA | G93: BAJA 2018 | I93: 1 | M93: 13 PONIENTE NO. 1703 | O93: 2017 | P93: PAGADO | Q93: PAGADO | R93: PAGADO | S93: PAGADO | T93: PAGADO | U93: PAGADO | V93: PAGADO | AA93: BAJA
B94: 90 | C94: CLEMENTE GONZALEZ ESTELA | D94: 300 | E94: 150 | F94: 1 | G94: 320 | M94: 9 SUR ENTRE 13 Y 15 PTE | N94: 2026 | AB94: PAGO MULTAS TODDO 2019
B95: 91 | C95: COETO GARCIA ANGELES | D95: 300 | E95: 150 | F95: 1 | G95: 320 | M95: 15 SUR 17 PONIENTE | N95: 2026
B96: 92 | C96: COETO GARCIA LETICIA | D96: 300 | E96: 150 | F96: 1 | G96: 320 | I96: 1 | M96: 15 SUR ESQ. 17 PTE | N96: 2026
B97: 93 | C97: CONTRERAS RODRIGUEZ EDGAR | D97: 300 | E97: 150 | F97: 1 | G97: 320 | M97: DIAGONAL ESQ, 15 PTE. | N97: 2026
B98: 94 | C98: CONTRERAS RODRIGUEZ ARACELI | G98: 640 | I98: 1 | M98: DIAGONAL PREPA | N98: 2018 | O98: PAGADO | P98: PAGADO | Q98: PAGADO | R98: PAGADO | S98: PAGADO
B99: 95 | C99: CONTRERAS RODRIGUEZ EUSTOLIO | F99: 1 | G99: 320 | L99: SOLO PAGA DRENAJE | M99: DIAGONAL PREPA ESQ. 15 PTE. | N99: 2027
B100: 96 | C100: CONTRERAS RODRIGUEZ ENRIQUE | F100: 1 | G100: 320 | M100: DIAGONAL PREPA ESQ. 15 PTE. | N100: 2019 | O100: PAGADO | P100: PAGADO | Q100: PAGADO | R100: PAGADO | S100: PAGADO | T100: PAGADO
...

Sheet RECIBO NUEVO
E1: COMITÉ DE AGUA POTABLE Y ALCANTARILLADO
E2: DEL BARRIO DE SAN ANTONIO TECAMACHALCO, PUE.
L3: NOTA: FOLIO SE FORMA CON NUMERO DE USUARIO Y AÑO ACTUAL
H5: FECHA : | I5: =TODAY() -> 45918 | L5: =VLOOKUP($C$7,'BASE DE DATOS'!$B$2:$AB$685,2,0) -> MONTIEL ROMAN FELIPE
A7: USUARIO No. | C7: 265 | J7: FOLIO: | K7: =CONCATENATE(24,C7) -> 24265 | L7: COOPERACIONES | O7: OBSERVACIONES
A9: NOMBRE: | C9: =VLOOKUP($C$7,'BASE DE DATOS'!$B$2:$AB$702,2,0) -> MONTIEL ROMAN FELIPE | H9: =VLOOKUP($C$7,'BASE DE DATOS'!$B$2:$AB$6821,12,0) -> 15 SUR ENTRE 19 Y 21 PTE. | L9: =VLOOKUP($C$7,'BASE DE DATOS'!$B$2:$AB$702,3,0) -> 300 | M9: =VLOOKUP($C$7,'BASE DE DATOS'!$B$2:$AB$702,4,0) -> 150 | O9: =VLOOKUP($C$7,'BASE DE DATOS'!$B$2:$AB$702,11,0) -> 0
A11: TOMAS: | B11: =VLOOKUP($C$7,'BASE DE DATOS'!$B$2:$AB$702,5,0) -> 1 | C11: =IF(B11=0,"HIDRANTE","USUARIO") -> USUARIO | L11: TOMAS: | M11: =VLOOKUP($C$7,'BASE DE DATOS'!$B$2:$AB$702,5,0) -> 1 | N11: =IF(M11=0,"HIDRANTE","USUARIO") -> USUARIO
A12: CONCEPTO | D12: CUOTA X TOMA | E12: FORMA DE PAGO | F12: VACAS | G12: INQUILINOS | H12: INASISTENCIA | I12: COOPERACIONES | J12: TOMA NUEVA | K12: TOTAL A PAGAR | L12: ADEUDO | M12: =VLOOKUP($C$7,'BASE DE DATOS'!$B$2:$AB$702,13,0) -> 2026
E13: =IF(E14>=12,"Anual","Mensual") -> Anual | L13: ENERO | M13: =VLOOKUP($C$7,'BASE DE DATOS'!$B$2:$AB$702,14,0) -> 0 | O13: INQUILINO
D14: 60 | E14: 12 | F14: =VLOOKUP($C$7,'BASE DE DATOS'!$B$2:$M$702,10,0) -> 0 | G14: =VLOOKUP($C$7,'BASE DE DATOS'!$B$2:$M$702,9,0) -> 0 | L14: FEBRERO | M14: =VLOOKUP($C$7,'BASE DE DATOS'!$B$2:$AB$702,15,0) -> 0 | O14: =VLOOKUP($C$7,'BASE DE DATOS'!$B$2:$AB$702,9,0) -> 0
A15: PAGO POR BOMBEO Y DISTRIBUCION | E15: =IF(B11=0,D14*E14,IF(B11>=1,D14*E14*B11,0)) -> 720 | F15: =((F14*13)*E14) -> 0 | G15: =(G14*E14)*70 -> 0 | H15: =H14*200 -> 0 | K15: =SUM(E15:J15) -> 720 | L15: MARZO | M15: =VLOOKUP($C$7,'BASE DE DATOS'!$B$2:$AB$702,16,0) -> 0
A16: DE AGUA POTABLE | I16: =IF($L$9=0,300,0) -> 0 | K16: =SUM(E16:J16) -> 0 | L16: ABRI | M16: =VLOOKUP($C$7,'BASE DE DATOS'!$B$2:$AB$702,17,0) -> 0
A17: De: | B17: ENERO A DICIEMBRE DE 2024 | I17: =IF($M$9=0,150,0) -> 0 | K17: =SUM(E17:J17) -> 0 | L17: MAYO | M17: =VLOOKUP($C$7,'BASE DE DATOS'!$B$2:$AB$702,18,0) -> 0
L18: JUNIO | M18: =VLOOKUP($C$7,'BASE DE DATOS'!$B$2:$AB$702,19,0) -> 0
J19: TOTAL | K19: =SUM(K15:K18) -> 720 | L19: JULIO | M19: =VLOOKUP($C$7,'BASE DE DATOS'!$B$2:$AB$702,20,0) -> 0
L20: AGOTO | M20: =VLOOKUP($C$7,'BASE DE DATOS'!$B$2:$AB$702,21,0) -> 0
L21: SEPTIEMBRE | M21: =VLOOKUP($C$7,'BASE DE DATOS'!$B$2:$AB$702,22,0) -> 0
L22: OCTUBRE | M22: =VLOOKUP($C$7,'BASE DE DATOS'!$B$2:$AB$702,23,0) -> 0
L23: NOVIEMBRE | M23: =VLOOKUP($C$7,'BASE DE DATOS'!$B$2:$AB$702,24,0) -> 0
L24: DICIEMBRE | M24: =VLOOKUP($C$7,'BASE DE DATOS'!$B$2:$AB$702,25,0) -> 0
C25: CARLOS LOPEZ SANTOS | I25: SELLO
A26: NOTA: 1.- ES NECESARIO CONSERVAR ESTE COMPROBANTE, DEBERA PRESENTARLO EN SU PROXIMO PAGO PARA CUALQUIER ACLARACIÓN.
A27: 2.- EL PAGO DE ESTE RECIBO NO TE LIBERA DE DEUDAS ANTERIORES. | K27: USUARIO
E30: COMITÉ DE AGUA POTABLE Y ALCANTARILLADO
E31: DEL BARRIO DE SAN ANTONIO TECAMACHALCO, PUE.
H34: FECHA: | I34: =TODAY() -> 45918
A36: USUARIO No. | C36: =C7 -> 265 | J36: =J7 -> FOLIO: | K36: =K7 -> 24265
A38: NOMBRE: | C38: =VLOOKUP($C$7,'BASE DE DATOS'!$B$2:$C$702,2,0) -> MONTIEL ROMAN FELIPE | H38: =VLOOKUP(C36,'BASE DE DATOS'!$B$2:$M$701,12,0) -> 15 SUR ENTRE 19 Y 21 PTE.
A40: TOMAS: | B40: =B11 -> 1 | C40: =C11 -> USUARIO
A41: =A12 -> CONCEPTO | D41: =D12 -> CUOTA X TOMA | E41: =E12 -> FORMA DE PAGO | F41: =F12 -> VACAS | G41: =G12 -> INQUILINOS | H41: =H12 -> INASISTENCIA | I41: =I12 -> COOPERACIONES | J41: =J12 -> TOMA NUEVA | K41: =K12 -> TOTAL A PAGAR
E42: =E13 -> Anual
D43: =D14 -> 60 | E43: =E14 -> 12 | F43: =F14 -> 0 | G43: =G14 -> 0 | H43: =H14 -> 0
A44: =A15 -> PAGO POR BOMBEO Y DISTRIBUCION | E44: =E15 -> 720 | F44: =F15 -> 0 | G44: =G15 -> 0 | H44: =H15 -> 0 | J44: =J15 -> 0 | K44: =K15 -> 720
A45: =A16 -> DE AGUA POTABLE | I45: =I16 -> 0 | K45: =K16 -> 0
A46: =A17 -> De: | B46: =B17 -> ENERO A DICIEMBRE DE 2024 | I46: =I17 -> 0 | K46: =K17 -> 0
J48: =J19 -> TOTAL | K48: =K19 -> 720
C54: =C25 -> CARLOS LOPEZ SANTOS | I54: =I25 -> SELLO
A55: =A26 -> NOTA: 1.- ES NECESARIO CONSERVAR ESTE COMPROBANTE, DEBERA PRESENTARLO EN SU PROXIMO PAGO PARA CUALQUIER ACLARACIÓN.
A56: =A27 -> 2.- EL PAGO DE ESTE RECIBO NO TE LIBERA DE DEUDAS ANTERIORES. | K56: COMITÉ

Sheet RECIBO CON RECARGOS
K2: FOLIO: | L2: =CONCATENATE(25,$C$7) -> 25538
F3: COMITÉ DE AGUA POTABLE Y ALCANTARILLADO | M3: NOTA: FOLIO SE FORMA CON NUMERO DE USUARIO Y AÑO ACTUAL
F4: DEL BARRIO DE SAN ANTONIO TECAMACHALCO, PUE.
M5: =VLOOKUP($C$7,'BASE DE DATOS'!$B$2:$AB$685,2,0) -> VALERIANO MARTINEZ MARIA DEL SOCORRO
I6: FECHA : | J6: =TODAY() -> 45918
A7: USUARIO No. | C7: 538 | M7: COOPERACIONES | P7: OBSERVACIONES
A9: NOMBRE: | C9: =VLOOKUP($C$7,'BASE DE DATOS'!$B$2:$AB$702,2,0) -> VALERIANO MARTINEZ MARIA DEL SOCORRO | I9: =VLOOKUP($C$7,'BASE DE DATOS'!$B$2:$AB$6821,12,0) -> 19 PTE. ENTRE 15 Y 17 SUR | M9: =VLOOKUP($C$7,'BASE DE DATOS'!$B$2:$AB$702,3,0) -> 300 | N9: =VLOOKUP($C$7,'BASE DE DATOS'!$B$2:$AB$702,4,0) -> 150 | P9: =VLOOKUP($C$7,'BASE DE DATOS'!$B$2:$AB$702,11,0) -> 0
A11: TOMAS: | B11: =VLOOKUP($C$7,'BASE DE DATOS'!$B$2:$AB$702,5,0) -> 1 | C11: =IF(B11=0,"HIDRANTE","USUARIO") -> USUARIO | M11: TOMAS: | N11: =VLOOKUP($C$7,'BASE DE DATOS'!$B$2:$AB$702,5,0) -> 1 | O11: =IF(N11=0,"HIDRANTE","USUARIO") -> USUARIO
A12: CONCEPTO | D12: FORMA DE PAGO | F12: =IF(F13>=12,"Anual","Mensual") -> Mensual | G12: VACAS | H12: INQUILINOS | I12: INASISTENCIA | J12: COOPERACIONES | K12: TOMA NUEVA | L12: TOTAL A PAGAR | M12: ADEUDO | N12: =VLOOKUP($C$7,'BASE DE DATOS'!$B$2:$AB$702,13,0) -> 2026
D13: CUOTA X TOMA | E13: 70 | M13: ENERO | N13: =VLOOKUP($C$7,'BASE DE DATOS'!$B$2:$AB$702,14,0) -> 0 | P13: INQUILINO
D14: CUOTA CON RECARGO | E14: 100 | F14: 10 | G14: =VLOOKUP($C$7,'BASE DE DATOS'!$B$2:$M$702,10,0) -> 0 | H14: =VLOOKUP($C$7,'BASE DE DATOS'!$B$2:$M$702,9,0) -> 0 | M14: FEBRERO | N14: =VLOOKUP($C$7,'BASE DE DATOS'!$B$2:$AB$702,15,0) -> 0 | P14: =VLOOKUP($C$7,'BASE DE DATOS'!$B$2:$AB$702,9,0) -> 0
A15: PAGO POR BOMBEO Y DISTRIBUCION | F15: =IF($B$11=0,$E$13*$F$13,IF($B$11>=1,$E$13*$F$13*$B$11,0)) -> 0 | G15: =($G$14*13)*$F$13 -> 0 | H15: =($H$14*$F$13)*70 -> 0 | I15: =I14*200 -> 0 | L15: =SUM(F15:K15) -> 0 | M15: MARZO | N15: =VLOOKUP($C$7,'BASE DE DATOS'!$B$2:$AB$702,16,0) -> 0
A16: DE AGUA POTABLE | F16: =IF($B$11=0,$E$14*$F$14,IF($B$11>=1,$E$14*$F$14*$B$11,0)) -> 1000 | G16: =($G$14*13)*$F$14 -> 0 | H16: =($H$14*$F$14)*100 -> 0 | L16: =SUM(F16:K16) -> 1000 | M16: ABRI | N16: =VLOOKUP($C$7,'BASE DE DATOS'!$B$2:$AB$702,17,0) -> 0
A17: De: | B17: MARZO A DICIEMBRE DE 2025 | J17: =IF($M$9=0,300,0) -> 0 | L17: =SUM(J17:K17) -> 0 | M17: MAYO | N17: =VLOOKUP($C$7,'BASE DE DATOS'!$B$2:$AB$702,18,0) -> 0
J18: =IF($N$9=0,150,0) -> 0 | L18: =SUM(J18:K18) -> 0 | M18: JUNIO | N18: =VLOOKUP($C$7,'BASE DE DATOS'!$B$2:$AB$702,19,0) -> 0
M19: JULIO | N19: =VLOOKUP($C$7,'BASE DE DATOS'!$B$2:$AB$702,20,0) -> 0
K20: TOTAL | L20: =SUM(L15:L19) -> 1000 | M20: AGOTO | N20: =VLOOKUP($C$7,'BASE DE DATOS'!$B$2:$AB$702,21,0) -> 0
M21: SEPTIEMBRE | N21: =VLOOKUP($C$7,'BASE DE DATOS'!$B$2:$AB$702,22,0) -> 0
M22: OCTUBRE | N22: =VLOOKUP($C$7,'BASE DE DATOS'!$B$2:$AB$702,23,0) -> 0
M23: NOVIEMBRE | N23: =VLOOKUP($C$7,'BASE DE DATOS'!$B$2:$AB$702,24,0) -> 0
M24: DICIEMBRE | N24: =VLOOKUP($C$7,'BASE DE DATOS'!$B$2:$AB$702,25,0) -> 0
C26: CARLOS LOPEZ SANTOS | J26: SELLO
A27: NOTA: 1.- ES NECESARIO CONSERVAR ESTE COMPROBANTE, DEBERA PRESENTARLO EN SU PROXIMO PAGO PARA CUALQUIER ACLARACIÓN.
A28: 2.- EL PAGO DE ESTE RECIBO NO TE LIBERA DE DEUDAS ANTERIORES. | L28: USUARIO
K32: =K2 -> FOLIO: | L32: =L2 -> 25538
F34: COMITÉ DE AGUA POTABLE Y ALCANTARILLADO
F35: DEL BARRIO DE SAN ANTONIO TECAMACHALCO, PUE.
I37: FECHA: | J37: =TODAY() -> 45918
A38: USUARIO No. | C38: =C7 -> 538
A40: NOMBRE: | C40: =VLOOKUP($C$7,'BASE DE DATOS'!$B$2:$C$702,2,0) -> VALERIANO MARTINEZ MARIA DEL SOCORRO | I40: =VLOOKUP(C38,'BASE DE DATOS'!$B$2:$M$701,12,0) -> 19 PTE. ENTRE 15 Y 17 SUR
A42: TOMAS: | B42: =B11 -> 1 | C42: =C11 -> USUARIO
A43: =A12 -> CONCEPTO | D43: FORMA DE PAGO | F43: =F12 -> Mensual | G43: =G12 -> VACAS | H43: =H12 -> INQUILINOS | I43: =I12 -> INASISTENCIA | J43: =J12 -> COOPERACIONES | K43: =K12 -> TOMA NUEVA | L43: =L12 -> TOTAL A PAGAR
D44: CUOTA X TOMA | E44: 70 | F44: =F13 -> 0
D45: CUOTA CON RECARGO | E45: 100 | F45: =F14 -> 10 | G45: =G14 -> 0 | H45: =H14 -> 0 | I45: =I14 -> 0
A46: =A15 -> PAGO POR BOMBEO Y DISTRIBUCION | F46: =F15 -> 0 | G46: =G15 -> 0 | H46: =H15 -> 0 | I46: =I15 -> 0 | K46: =K15 -> 0 | L46: =L15 -> 0
A47: =A16 -> DE AGUA POTABLE | F47: =F16 -> 1000 | G47: =G16 -> 0 | H47: =H16 -> 0 | L47: =L16 -> 1000
A48: =A17 -> De: | B48: =B17 -> MARZO A DICIEMBRE DE 2025 | J48: =J16 -> 0 | L48: =L17 -> 0
B49: =B18 -> 0 | J49: =J18 -> 0 | L49: =L18 -> 0
K51: =K20 -> TOTAL | L51: =L20 -> 1000
C57: =C26 -> CARLOS LOPEZ SANTOS | J57: =J26 -> SELLO
A58: =A27 -> NOTA: 1.- ES NECESARIO CONSERVAR ESTE COMPROBANTE, DEBERA PRESENTARLO EN SU PROXIMO PAGO PARA CUALQUIER ACLARACIÓN.
A59: =A28 -> 2.- EL PAGO DE ESTE RECIBO NO TE LIBERA DE DEUDAS ANTERIORES. | L59: COMITÉ

Sheet RECIBO 2025
K2: FOLIO: | L2: =CONCATENATE(25,$C$7) -> 25265
E3: COMITÉ DE AGUA POTABLE Y ALCANTARILLADO | M3: NOTA: FOLIO SE FORMA CON NUMERO DE USUARIO Y AÑO ACTUAL
E4: DEL BARRIO DE SAN ANTONIO TECAMACHALCO, PUE.
M5: =VLOOKUP($C$7,'BASE DE DATOS'!$B$2:$AB$685,2,0) -> MONTIEL ROMAN FELIPE
H6: FECHA : | I6: =TODAY() -> 45918
A7: USUARIO No. | C7: 265 | M7: COOPERACIONES | P7: OBSERVACIONES
A9: NOMBRE: | B9: =VLOOKUP($C$7,'BASE DE DATOS'!$B$2:$AB$702,2,0) -> MONTIEL ROMAN FELIPE | H9: =VLOOKUP($C$7,'BASE DE DATOS'!$B$2:$AB$6821,12,0) -> 15 SUR ENTRE 19 Y 21 PTE. | M9: =VLOOKUP($C$7,'BASE DE DATOS'!$B$2:$AB$702,3,0) -> 300 | N9: =VLOOKUP($C$7,'BASE DE DATOS'!$B$2:$AB$702,4,0) -> 150 | P9: =VLOOKUP($C$7,'BASE DE DATOS'!$B$2:$AB$702,11,0) -> 0
A11: TOMAS: | B11: =VLOOKUP($C$7,'BASE DE DATOS'!$B$2:$AB$702,5,0) -> 1 | C11: =IF(B11=0,"HIDRANTE","USUARIO") -> USUARIO | M11: TOMAS: | N11: =VLOOKUP($C$7,'BASE DE DATOS'!$B$2:$AB$702,5,0) -> 1 | O11: =IF(N11=0,"HIDRANTE","USUARIO") -> USUARIO
A12: CONCEPTO | C12: CUOTA X TOMA | D12: 60 | E12: FORMA DE PAGO | F12: VACAS | G12: INQUILINOS | H12: INASISTENCIA | I12: COOPERACIONES | J12: TOMA NUEVA | K12: TOTAL A PAGAR AL 31 DE MARZO 2025 | L12: PAGO | M12: ADEUDO | N12: =VLOOKUP($C$7,'BASE DE DATOS'!$B$2:$AB$702,13,0) -> 2026
C13: CUOTA CON RECARGOS | D13: 100 | E13: =IF(E14>=12,"Anual","Mensual") -> Anual | L13: DESPUES DE LA FECHA | M13: ENERO | N13: =VLOOKUP($C$7,'BASE DE DATOS'!$B$2:$AB$702,14,0) -> 0 | P13: INQUILINO
E14: 12 | F14: =VLOOKUP($C$7,'BASE DE DATOS'!$B$2:$M$702,10,0) -> 0 | G14: =VLOOKUP($C$7,'BASE DE DATOS'!$B$2:$M$702,9,0) -> 0 | M14: FEBRERO | N14: =VLOOKUP($C$7,'BASE DE DATOS'!$B$2:$AB$702,15,0) -> 0 | P14: =VLOOKUP($C$7,'BASE DE DATOS'!$B$2:$AB$702,9,0) -> 0
A15: PAGO POR BOMBEO Y DISTRIBUCION | E15: =IF($B$11=0,$D$12*$E$14,IF($B$11>=1,$D$12*$E$14*$B$11,0)) -> 720 | F15: =((F14*13)*E14) -> 0 | G15: =($G$14*$E$14)*70 -> 0 | H15: =H14*200 -> 0 | K15: =SUM(E15:J15) -> 720 | L15: =E16 -> 1200 | M15: MARZO | N15: =VLOOKUP($C$7,'BASE DE DATOS'!$B$2:$AB$702,16,0) -> 0
A16: DE AGUA POTABLE | E16: =IF($B$11=0,$D$13*$E$14,IF($B$11>=1,$D$13*$E$14*$B$11,0)) -> 1200 | G16: =($G$14*$E$14)*100 -> 0 | I16: =IF($M$9=0,300,0) -> 0 | K16: =SUM(I16:J16) -> 0 | L16: =F15+G16+H15+I16+J16 -> 0 | M16: ABRI | N16: =VLOOKUP($C$7,'BASE DE DATOS'!$B$2:$AB$702,17,0) -> 0
A17: De: | B17: ENERO A DICIEMBRE DE 2025 | I17: =IF($N$9=0,150,0) -> 0 | K17: =SUM(F17:J17) -> 0 | L17: =SUM(I17:J17) -> 0 | M17: MAYO | N17: =VLOOKUP($C$7,'BASE DE DATOS'!$B$2:$AB$702,18,0) -> 0
M18: JUNIO | N18: =VLOOKUP($C$7,'BASE DE DATOS'!$B$2:$AB$702,19,0) -> 0
I19: TOTAL A PAGAR | K19: =SUM(K15:K18) -> 720 | L19: =SUM(L15:L18) -> 1200 | M19: JULIO | N19: =VLOOKUP($C$7,'BASE DE DATOS'!$B$2:$AB$702,20,0) -> 0
M20: AGOTO | N20: =VLOOKUP($C$7,'BASE DE DATOS'!$B$2:$AB$702,21,0) -> 0
M21: SEPTIEMBRE | N21: =VLOOKUP($C$7,'BASE DE DATOS'!$B$2:$AB$702,22,0) -> 0
M22: OCTUBRE | N22: =VLOOKUP($C$7,'BASE DE DATOS'!$B$2:$AB$702,23,0) -> 0
M23: NOVIEMBRE | N23: =VLOOKUP($C$7,'BASE DE DATOS'!$B$2:$AB$702,24,0) -> 0
M24: DICIEMBRE | N24: =VLOOKUP($C$7,'BASE DE DATOS'!$B$2:$AB$702,25,0) -> 0
C25: CARLOS LOPEZ SANTOS | I25: SELLO
A26: NOTA: 1.- ES NECESARIO CONSERVAR ESTE COMPROBANTE, DEBERA PRESENTARLO EN SU PROXIMO PAGO PARA CUALQUIER ACLARACIÓN.
A27: 2.- EL PAGO DE ESTE RECIBO NO TE LIBERA DE DEUDAS ANTERIORES. | L27: USUARIO
K30: FOLIO: | L30: =L2 -> 25265
E32: COMITÉ DE AGUA POTABLE Y ALCANTARILLADO
E33: DEL BARRIO DE SAN ANTONIO TECAMACHALCO, PUE.
H35: FECHA: | I35: =TODAY() -> 45918
A36: USUARIO No. | C36: =C7 -> 265
A38: NOMBRE: | B38: =VLOOKUP($C$7,'BASE DE DATOS'!$B$2:$C$702,2,0) -> MONTIEL ROMAN FELIPE | H38: =VLOOKUP(C36,'BASE DE DATOS'!$B$2:$M$701,12,0) -> 15 SUR ENTRE 19 Y 21 PTE.
A40: TOMAS: | B40: =B11 -> 1 | C40: =C11 -> USUARIO
A41: =A12 -> CONCEPTO | C41: =C12 -> CUOTA X TOMA | D41: =D12 -> 60 | E41: =E12 -> FORMA DE PAGO | F41: =F12 -> VACAS | G41: =G12 -> INQUILINOS | H41: =H12 -> INASISTENCIA | I41: =I12 -> COOPERACIONES | J41: =J12 -> TOMA NUEVA | K41: TOTAL A PAGAR AL 31 DE MARZO 2025 | L41: PAGO
C42: =C13 -> CUOTA CON RECARGOS | E42: =E13 -> Anual | L42: DESPUES DE LA FECHA
D43: 100 | E43: =E14 -> 12 | F43: =F14 -> 0 | G43: =G14 -> 0 | H43: =H14 -> 0
A44: =A15 -> PAGO POR BOMBEO Y DISTRIBUCION | E44: =E15 -> 720 | F44: =F15 -> 0 | G44: =G15 -> 0 | H44: =H15 -> 0 | J44: =J15 -> 0 | K44: =K15 -> 720 | L44: =L15 -> 1200
A45: =A16 -> DE AGUA POTABLE | E45: =E16 -> 1200 | G45: =G16 -> 0 | I45: =I16 -> 0 | K45: =K16 -> 0 | L45: =L16 -> 0
A46: =A17 -> De: | B46: =B17 -> ENERO A DICIEMBRE DE 2025 | I46: =I17 -> 0 | K46: =K17 -> 0 | L46: =L17 -> 0
I48: =I19 -> TOTAL A PAGAR | K48: =K19 -> 720 | L48: =SUM(L44:L47) -> 1200
C54: =C25 -> CARLOS LOPEZ SANTOS | I54: =I25 -> SELLO
A55: =A26 -> NOTA: 1.- ES NECESARIO CONSERVAR ESTE COMPROBANTE, DEBERA PRESENTARLO EN SU PROXIMO PAGO PARA CUALQUIER ACLARACIÓN.
A56: =A27 -> 2.- EL PAGO DE ESTE RECIBO NO TE LIBERA DE DEUDAS ANTERIORES. | L56: COMITÉ

Sheet RECIBO PARA LLENAR
E1: COMITÉ DE AGUA POTABLE Y ALCANTARILLADO
E2: DEL BARRIO DE SAN ANTONIO TECAMACHALCO, PUE.
L3: NOTA: FOLIO SE FORMA CON NUMERO DE USUARIO Y AÑO ACTUAL
H5: FECHA: | I5: =TODAY() -> 45918 | L5: =VLOOKUP($C$7,'BASE DE DATOS'!$B$2:$AB$685,2,0) -> FUENTES GONZALEZ GENOVEVA
A7: USUARIO No. | C7: 133 | J7: No. | K7: =CONCATENATE(C7,24) -> 13324 | L7: COOPERACIONES | O7: OBSERVACIONES
A9: NOMBRE: | C9: =VLOOKUP($C$7,'BASE DE DATOS'!$B$2:$AB$702,2,0) -> FUENTES GONZALEZ GENOVEVA | H9: =VLOOKUP($C$7,'BASE DE DATOS'!$B$2:$AB$686,12,0) -> 15 PTE. 1906 | L9: =VLOOKUP($C$7,'BASE DE DATOS'!$B$2:$AB$702,3,0) -> 300 | M9: =VLOOKUP($C$7,'BASE DE DATOS'!$B$2:$AB$702,4,0) -> 150 | O9: =VLOOKUP($C$7,'BASE DE DATOS'!$B$2:$AB$702,11,0) -> 3 EJOTEROS MAYO, junio JULIO AGOSTO 2025
A11: TOMAS: | B11: =VLOOKUP($C$7,'BASE DE DATOS'!$B$2:$AB$702,5,0) -> 1 | C11: =IF(B11=0,"HIDRANTE","USUARIO") -> USUARIO | L11: TOMAS: | M11: =VLOOKUP($C$7,'BASE DE DATOS'!$B$2:$AB$702,5,0) -> 1 | N11: =IF(M11=0,"HIDRANTE","USUARIO") -> USUARIO
A12: CONCEPTO | D12: CUOTA X TOMA | E12: FORMA DE PAGO | F12: VACAS | G12: INQUILINOS | H12: INASISTENCIA | I12: COOPERACIONES | J12: TOMA NUEVA | K12: TOTAL A PAGAR | L12: ADEUDO | M12: =VLOOKUP($C$7,'BASE DE DATOS'!$B$2:$AB$702,13,0) -> 2026
E13: =IF(E14>=12,"Anual","Mensual") -> Mensual | L13: ENERO | M13: =VLOOKUP($C$7,'BASE DE DATOS'!$B$2:$AB$702,14,0) -> PAGA UN INQUILINO ENERO A MAYO 2025 | O13: INQUILINO
D14: 70 | E14: 1 | G14: 3 | L14: FEBRERO | M14: =VLOOKUP($C$7,'BASE DE DATOS'!$B$2:$AB$702,15,0) -> 0 | O14: =VLOOKUP($C$7,'BASE DE DATOS'!$B$2:$AB$702,9,0) -> 1
A15: PAGO POR BOMBEO Y DISTRIBUCION | F15: =((F14*13)*E14) -> 0 | G15: =(G14*E14)*70 -> 210 | H15: =H14*200 -> 0 | K15: =SUM(E15:J15) -> 210 | L15: MARZO | M15: =VLOOKUP($C$7,'BASE DE DATOS'!$B$2:$AB$702,16,0) -> 0
A16: DE AGUA POTABLE | K16: =SUM(E16:J16) -> 0 | L16: ABRI | M16: =VLOOKUP($C$7,'BASE DE DATOS'!$B$2:$AB$702,17,0) -> 0
A17: De: | B17: AGOSTO DE 2025 | K17: =SUM(E17:J17) -> 0 | L17: MAYO | M17: =VLOOKUP($C$7,'BASE DE DATOS'!$B$2:$AB$702,18,0) -> 0
L18: JUNIO | M18: =VLOOKUP($C$7,'BASE DE DATOS'!$B$2:$AB$702,19,0) -> 0
J19: TOTAL | K19: =SUM(K15:K18) -> 210 | L19: JULIO | M19: =VLOOKUP($C$7,'BASE DE DATOS'!$B$2:$AB$702,20,0) -> 0
L20: AGOTO | M20: =VLOOKUP($C$7,'BASE DE DATOS'!$B$2:$AB$702,21,0) -> 0
L21: SEPTIEMBRE | M21: =VLOOKUP($C$7,'BASE DE DATOS'!$B$2:$AB$702,22,0) -> 0
L22: OCTUBRE | M22: =VLOOKUP($C$7,'BASE DE DATOS'!$B$2:$AB$702,23,0) -> 0
L23: NOVIEMBRE | M23: =VLOOKUP($C$7,'BASE DE DATOS'!$B$2:$AB$702,24,0) -> 0
L24: DICIEMBRE | M24: =VLOOKUP($C$7,'BASE DE DATOS'!$B$2:$AB$702,25,0) -> 0
C25: CARLOS LOPEZ SANTOS | I25: SELLO
A27: Nota: Es necesario conservar este comprobante, debera presentarlo en su proximo pago para cualquier aclaración. | K27: USUARIO
E30: COMITÉ DE AGUA POTABLE Y ALCANTARILLADO
E31: DEL BARRIO DE SAN ANTONIO TECAMACHALCO, PUE.
H34: FECHA: | I34: =TODAY() -> 45918
A36: USUARIO No. | C36: =C7 -> 133 | J36: No. | K36: =K7 -> 13324
A38: NOMBRE: | C38: =VLOOKUP($C$7,'BASE DE DATOS'!$B$2:$C$702,2,0) -> FUENTES GONZALEZ GENOVEVA | H38: =VLOOKUP(C36,'BASE DE DATOS'!$B$2:$M$685,12,0) -> 15 PTE. 1906
A40: TOMAS: | B40: =B11 -> 1 | C40: =C11 -> USUARIO
A41: =A12 -> CONCEPTO | D41: =D12 -> CUOTA X TOMA | E41: =E12 -> FORMA DE PAGO | F41: =F12 -> VACAS | G41: =G12 -> INQUILINOS | H41: =H12 -> INASISTENCIA | I41: =I12 -> COOPERACIONES | J41: =J12 -> TOMA NUEVA | K41: =K12 -> TOTAL A PAGAR
E42: =E13 -> Mensual
D43: =D14 -> 70 | E43: =E14 -> 1 | F43: =F14 -> 0 | G43: =G14 -> 3 | H43: =H14 -> 0
A44: =A15 -> PAGO POR BOMBEO Y DISTRIBUCION | E44: =E15 -> 0 | F44: =F15 -> 0 | G44: =G15 -> 210 | H44: =H15 -> 0 | J44: =J15 -> 0 | K44: =K15 -> 210
A45: =A16 -> DE AGUA POTABLE | I45: =I16 -> 0 | J45: =J16 -> 0 | K45: =K16 -> 0
A46: =A17 -> De: | B46: =B17 -> AGOSTO DE 2025 | I46: =I17 -> 0 | K46: =K17 -> 0
J48: =J19 -> TOTAL | K48: =K19 -> 210
C54: =C25 -> CARLOS LOPEZ SANTOS | I54: =I25 -> SELLO
A56: =A27 -> Nota: Es necesario conservar este comprobante, debera presentarlo en su proximo pago para cualquier aclaración. | K56: COMITÉ

Sheet RECIBO
D3: COMITÉ DE AGUA POTABLE Y DRENAJE
D4: DEL BARRIO DE SAN ANTONIO TECAMACHALCO, PUE.
H6: FECHA: | I6: 15 DE NOVIEMBRE 2023 | O6: 225
O7: 840
J8: No. | K8: 4610 | M8: 2399 | N8: 1 | O8: 840
B10: NOMBRE | F10: DIRECCION
A11: 35 | B11: =VLOOKUP(A11,'BASE DE DATOS'!B2:C702,2,0) -> AVELINO NOTARIO LILIA | E11: =VLOOKUP(A11,'BASE DE DATOS'!B2:M685,12,0) -> 21 PTE. ENTRE 7 Y 9 SUR
A13: CONCEPTO | D13: TOTAL MESES | E13: CUOTA | F13: VACAS | G13: INQUILINOS | H13: INASISTENCIA | I13: DRENAJE Y | J13: TOTAL | M13: 2299
I14: EXTRACCION | M14: 1 | N14: 16
A15: PAGO DE AGUA POTABLE DE JUNIO DEL 2023 A JUNIO DEL 2024. | D15: 13 | E15: 60 | F15: 0 | G15: 0 | H15: - | I15: 0 | J15: 780 | N15: 14
N20: =27*70 -> 1890 | O20: =N20*3 -> 5670
L21: =2599+1 -> 2600
M22: =70*24 -> 1680 | N22: 2500 | O22: PAGO DE NUEVA TOMA DE AGUA POTABLE.
M23: 840
B24: TOMAS RAFAEL MOYA LOPEZ | I24: SELLO | M24: 150
M25: =M22-200 -> 1480 | N25: 300 | O25: COOPERACION PARA SECCIONAR RED DE AGUA POTABLE
M26: 2
M27: =J15*M26 -> 1560
O28: PAGO DE AGUA POTABLE DE ENERO A DICIEMBRE DEL 2022.
M30: =1000/70 -> 14.285714
N31: 150 | O31: COOPERACION DE TUBERIA PARA POZO.
M34: 1120 | O34: PAGO DE TOMA NUEVA.
M35: 200
M36: =M34-M35 -> 920
N39: 1000
N40: 14
N44: 2240
N45: 832

Sheet Hoja3
A1: COMENTARIO | B1: No. USUARIO | C1: NOMBRE | F1: TOMA | G1: CONAGUA | H1: DRENAJE | I1: HIDRANTE | J1: INQUILINO | K1: VACAS | M1: DIRECCION | N1: AÑO | O1: ENERO | P1: FEBRERO | Q1: MARZO | R1: ABRIL | S1: MAYO | T1: JUNIO | U1: JULIO | V1: AGOSTO | W1: SEPTIEMBRE | X1: OCTUBRE | Y1: NOVIEMBRE | Z1: DICIEMBRE
B2: 1 | C2: ABUNDIO CRESCENCIO LORENZO | F2: 1 | G2: 320 | M2: 15 PONIENTE ESQ, 7 SUR | N2: 2022 | O2: PAGADO | P2: PAGADO | Q2: PAGADO | R2: PAGADO | S2: PAGADO
B3: 2 | C3: ABUNDIO JIMENEZ LEOBARDO | D3: 300 | E3: 150 | F3: 1 | G3: 320 | M3: 7 SUR ENTRE 11 Y 13 PONIENTE | N3: 2023
B4: 3 | C4: ABUNDIO JIMENEZ ROMARICO | F4: 1 | G4: 320 | M4: 7 SUR ENTRE 11 Y 13 PTE | N4: 2020
B5: 4 | C5: ABUNDIO JUAREZ GABRIELA | D5: 300 | E5: 150 | F5: 1 | G5: 320 | J5: 1 PAGADO HASTA SEP2016 | M5: 7 SUR ENTRE 15 Y 17 PTE. | N5: 2022
B6: 5 | C6: ABUNDIO JUAREZ JOSE LUIS | F6: 1 | G6: 320 | M6: 15 PTE. NO. 2006 | N6: 2022 | O6: PAGADO
A7: CANCELADA | B7: 6 | C7: ABUNDIO JUAREZ ROSA MARIA | F7: 1 | G7: CORTADA | M7: 7 SUR ENTRE 15 Y 17 PONIENTE | N7: 2014 | O7: CORTADA
B8: 7 | C8: ABUNDIO JUAREZ VICTOR GUILLERMO | D8: 300 | F8: 1 | G8: 320 | M8: 7 SUR ENTRE 11 Y 13 PTE. | N8: 2023
B9: 8 | C9: ABUNDIO LOPEZ JESUS MAURO | D9: 600 | E9: 300 | F9: 2 | G9: 320 | M9: 7 SUR ENTRE 11 Y 13 PONIENTE | N9: 2023
A10: CAMBIO DE DOMICILIO | B10: 9 | C10: ABUNDIO RODRIGUEZ LUIS MANUEL | F10: 1 | M10: 15 PTE. NO. 2006 ENT. 7 Y 9 SUR | N10: 2013 | S10: PAGADO | T10: PAGADO | U10: PAGADO | V10: PAGADO
B11: 10 | C11: ADAN GONZALEZ LIDIA | D11: 300 | F11: 1 | G11: 320 | H11: NO | J11: 1INQ.MAYO AGOST 2019 | M11: 9 SUR ENTRE 21 PTE. Y CANAL | N11: 2022
B12: 11 | C12: AGUILAR GUERRERO JESUS | F12: 1 | G12: 320 | H12: NO | M12: 9 SUR ENTRE 21 PTE. Y CANAL | N12: 2020
B13: 12 | C13: ALCANTARA ANGEL AMELIA | D13: 600 | E13: 150 | F13: 2 | G13: 320 | M13: 13 PONIENE 701 ENTRRE 7 Y 9 SUR | N13: 2022 | O13: PAGADO 2 | P13: PAGADO 2 | Q13: PAGADO 2 | R13: PAGADO 2 | S13: PAGADO 2 | T13: PAGADO 2
B14: 13 | C14: ALEJO CASTILLO MERCED | F14: 1 | G14: 320 | M14: 17 PONIENTE ENTRE 17 Y 17 SUR | N14: 2023
A15: CANCELADA | B15: 14 | C15: ALONSO MONTIEL ARIADNA | F15: 1 | M15: 17 SUR ENTRE 15 Y 17 PTE. | N15: 2015
B16: 15 | C16: ALONSO MONTIEL JORGE | F16: 1 | M16: 17 SUR ENTRE 15 Y 17 PTE. | N16: 2019 | O16: PAGADO | P16: PAGADO | Q16: PAGADO | R16: PAGADO | S16: PAGADO
B17: 16 | C17: ANDRADE JIMENEZ JUAN MARIO | F17: 1 | G17: 320 | M17: 11 SUR ENTRE 15 Y 17 PTE. | N17: 2022 | O17: PAGADO | P17: PAGADO | Q17: PAGADO
B18: 17 | C18: ANDRADE LOPEZ LUIS | D18: 300 | E18: 150 | F18: 1 | G18: 320 | M18: 13 SUR ENTRE 21 | N18: 2023
B19: 18 | C19: ANDRADE MENDEZ JUAN | F19: 1 | G19: 320 | M19: 7 PTE. NO. 1503 | N19: 2022 | O19: PAGADO | P19: PAGADO | Q19: PAGADO | R19: PAGADO
B20: 19 | C20: ANDRADE VAZQUEZ FERNANDO | D20: 600 | E20: 300 | F20: 2 | G20: 640 | H20: NO | K20: PAGA 1INQ.3 MESES | M20: 21 PTE. ENTRE 7 Y 9 SUR | N20: 2022 | O20: PAGADO 2 | P20: PAGADO 2 | Q20: PAGADO 2
B21: 20 | C21: APOLINAR VELAZQUEZ JESUS ANTONIO | F21: 1 | G21: 320 | M21: 15 PONIENTEE 710 7 Y 9 SUR | N21: 2020
B22: 21 | C22: ARENAS GONZALEZ JAQUELINE | D22: 300 | E22: 150 | F22: 1 | G22: 320 | H22: NO | M22: 19 PTE. ENTRE 11 Y 13 SUR | N22: 2022 | O22: PAGADO | P22: PAGADO | Q22: PAGADO | R22: PAGADO | S22: PAGADO
B23: 22 | C23: ARENAS GONZALEZ RODOLFO | F23: 1 | G23: 320 | H23: NO | M23: 19 PTE. ESQ. 11 SUR | N23: 2020 | O23: PAGADO | P23: PAGADO | Q23: PAGADO | R23: PAGADO | S23: PAGADO | T23: PAGADO | U23: PAGADO
B24: 23 | C24: GONZALEZ ZUÑIGA MARIA ENRIQUETA | D24: 300 | E24: 150 | F24: 1 | G24: 320 | M24: 11 SUR ENTRE 13 Y 15 PTE. | N24: 2023 | O24: PENDIENTE ASSTENCIAS
B25: 24 | C25: AVELINO MONTIEL FERNANDO | D25: 300 | F25: 1 | G25: 320 | H25: NO | M25: 9 SUR ENTRE 19 Y 21 PTE. | N25: 2023
B26: 25 | C26: AVELINO ALEJO DANIEL | D26: 300 | F26: 1 | G26: 320 | M26: 13 PONIENTE Y 15 SUR | N26: 2023 | O26: PEN DIENE ASISTENCIAS
B27: 26 | C27: AVELINO ALEJO MIGUEL | F27: 1 | G27: 320 | M27: 15 SUR 1107 | N27: 2023
B28: 27 | C28: AVELINO ANDRADE RUTH | D28: 300 | E28: 150 | F28: 1 | G28: 320 | M28: 7 SUR ESQ, 17 PTE. | N28: 2023
B29: 28 | C29: AVELINO HERNANDEZ GABRIEL | F29: 1 | G29: 320 | H29: NO | M29: 21 PTE. ENTRE 7 Y 9 SUR5 | N29: 2023
B30: 29 | C30: AVELINO MONTIEL EMILIA | D30: 300 | E30: 150 | F30: 1 | G30: 320 | H30: NO | M30: 13 SUR ENTRE CANAL Y BARRANCA | N30: 2023
B31: 30 | C31: AVELINO MONTIEL GUADALUPE | E31: 150 | F31: 1 | G31: 320 | H31: NO | M31: 9 SUR ENTRE 19 Y 21 PTE | N31: 2020 | O31: PAGADO | P31: PAGADO | Q31: PAGADO | R31: PAGADO | S31: PAGADO | T31: PAGADO | U31: PAGADO | V31: PAGADO | W31: PAGADO
B32: 31 | C32: AVELINO MONTIEL LUCIA | D32: 600 | E32: 150 | F32: 2 | G32: 640 | H32: y si la paga | J32: 1 INQ HASTA SEP 2017 | K32: 43252 | M32: 13 SUR 1105 Y 9 SUR | N32: 2023 | X32: PAGADO 1 | Y32: PAGADO 1 | Z32: PAGADO 1
B33: 32 | C33: AVELINO MONTIEL MARCELA | D33: 300 | F33: 1 | G33: 320 | I33: PAGO 4INQ. MAYO2019 | M33: 13 SUR NO. 1102 ENTRE 11 Y 13 PON | N33: 2022 | O33: PAGADO | P33: PAGADO | Q33: PAGADO | R33: PAGADO | S33: PAGADO | T33: PAGADO
B34: 33 | C34: AVELINO NOTARIO EFRAIN | D34: 300 | F34: 1 | G34: 320 | H34: NO | M34: TRE 7 Y 9 SUR | N34: 2022 | O34: PAGADO | P34: PAGADO | Q34: PAGADO
B35: 34 | C35: AVELINO NOTARIO GILBERTO | D35: 300 | F35: 1 | G35: 320 | H35: NO | M35: 21 PTE. ENTRE 7 Y 9 SUR5 | N35: 2022
B36: 35 | C36: AVELINO NOTARIO LILIA | F36: 1 | G36: 320 | H36: NO | M36: 21 PTE. ENTRE 7 Y 9 SUR | N36: 2021 | O36: PAGADO | P36: PAGADO | Q36: PAGADO | R36: PAGADO | S36: PAGADO | T36: PAGADO | U36: PAGADO | V36: PAGADO
B37: 36 | C37: AVELINO NOTARIO MARIELA | D37: 300 | F37: 1 | G37: 320 | M37: 21 PTE. ENTRE 7 Y 9 SUR5 | N37: 2022
B38: 37 | C38: AVELINO NOTARIO MONICA | F38: 1 | G38: 320 | H38: NO | M38: 21 PTE. ENTRE 7 Y 9 SUR | N38: 2019 | O38: PAGADO | P38: PAGADO | Q38: PAGADO | R38: PAGADO | S38: PAGADO | T38: PAGADO | U38: PAGADO | V38: PAGADA
A39: CANCELADA | B39: 38 | C39: AVELINO OJEDA ABRAHAM | F39: 1 | M39: 9 SUR ENTRE 21 PTE | N39: 2017 | O39: CANCELADA
B40: 39 | C40: AVELINO ROBLES CANDELARIA | D40: 600 | E40: 300 | F40: 2 | G40: 320 | H40: NO | M40: 11 SUR ENTRE 21 PTE. Y CANAL | N40: 2023
B41: 40 | C41: AVELINO ROBLES JUANA | D41: 300 | F41: 3 | G41: 640 | H41: NO | M41: 1 T /21 PONIENTE 1T/ 17 SUR 1502 1T/21 PONIENTE 2106 | N41: 2023
B42: 41 | C42: AVELINO ROBLES MARGARITA | D42: 300 | E42: 150 | F42: 1 | G42: 640 | H42: NO | M42: 11 SUR ENTRE 21 PTE. Y CANAL | N42: 2023 | O42: PENDIENTE ASISTENCIAS
B43: 42 | C43: AVELINO ROMERO AGUSTINA | D43: 300 | E43: 150 | F43: 1 | G43: 320 | H43: NO | M43: 19 PONIENTE ESQ. 9 SUR | N43: 2023
A44: º | B44: 43 | C44: AVELINO ROMERO JOSE MIGUEL | D44: 900 | E44: 450 | F44: 3 | G44: 320 | M44: 13 SUR ESQUINA 15 PTE | N44: 2022
B45: 44 | C45: AVELINO ROMERO MANUEL | D45: 600 | E45: 300 | F45: 2 | G45: 640 | H45: NO | M45: 11 SUR ENTRE 19 Y 21 PTE. | N45: 2023
B46: 45 | C46: AVELINO ROMERO MARCELINO | F46: 1 | G46: 320 | H46: NO | K46: 4 | N46: 2020
B47: 46 | C47: AVELINO ROMERO MAURA | D47: 300 | E47: 150 | F47: 1 | G47: 320 | H47: NO | M47: 19 PTE. ESQ. 9 SUR | N47: 2023
B48: 47 | C48: AVELINO ROMERO MAXIMINO | D48: 300 | E48: 150 | F48: 1 | G48: 320 | H48: NO | M48: 9 SUR ENTRE 19 Y 21 PTE. | N48: 2023
B49: 48 | C49: AVELINO SANTOS ALFONSO | F49: 1 | G49: 320 | H49: NO | M49: 9 SUR ENTRE 19 Y 21 PTE. | N49: 2021 | O49: PENDIENTE INASISTENCIAS DE 2019.
B50: 49 | C50: AVELINO SANTOS FRANCISCO | D50: 300 | E50: 150 | F50: 1 | G50: 320 | H50: NO | I50: HASTA DIC 2016 | J50: INQ D | M50: 11 SUR ENTRE LA 21 Y LATERAL VALSEQUILLO | N50: 2022 | O50: PAGADO | P50: PAGADO | Q50: PAGADO
B51: 50 | C51: AVELINO SANTOS GAUDENCIO | D51: 300 | F51: 1 | G51: 320 | H51: NO | M51: 21 PTE- ESQ. 7 SUR | N51: 2022 | O51: PAGADO | P51: PAGADO | Q51: PAGADO
B52: 51 | C52: AVELINO SANTOS GRICELDA | D52: 600 | E52: 300 | F52: 2 | G52: 320 | H52: NO | I52: 1 | M52: 11 SUR ENTRE 21 PTE. Y CANAL | N52: 2023
B53: 52 | C53: AVELINO SANTOS HERMELINDA GUADALUPE | F53: 1 | G53: 320 | H53: NO | M53: 11 SUR ENTRE 21 PTE, Y CANAL | N53: 2022
B54: 53 | C54: AVELINO SANTOS JULIA | D54: 300 | E54: 150 | F54: 1 | G54: 320 | H54: NO | M54: 11 SUR ENTRE 21 PTE. Y CANAL | N54: 2022 | O54: PAGADO | P54: PAGADO | Q54: PAGADO | R54: PAGADO | S54: PAGADO | T54: PAGADO
B55: 54 | C55: SANTOS PELAEZ MARCELO | D55: 300 | E55: 300 | F55: 2 | G55: 640 | J55: PAGO 1 INQ DEL MES DE SEP 2017 A JULIO 2018 | M55: CALLE 15 SUR 1306 SAN ANTONIO | N55: 2022 | O55: PAGADO 2 | P55: PAGADO 2 | Q55: PAGADO 2 | R55: PAGADO 2 | S55: PAGADO 2
B56: 55 | C56: AVELINO SANTOS NATIVIDAD | D56: 300 | E56: 150 | F56: 1 | G56: 320 | H56: NO | M56: 9 SUR ENTRE 21 PTE Y CANAL | N56: 2022 | O56: PAGADO | P56: PAGADO | Q56: PAGADO | R56: PAGADO | S56: PAGADO | T56: PAGADO
A57: BAJA POR EDAD AVANZADA | B57: 56 | C57: AVELINO SANTOS VILIULFO
B58: 57 | C58: BARCENAS AVELINO EDITH | G58: 320 | I58: 1 | M58: 7 SUR ESQ. 11 PTE. | N58: 2022 | O58: PAGADO | P58: PAGADO | Q58: PAGADO | R58: PAGADO | S58: PAGADO | T58: PAGADO | U58: PAGADO | V58: PAGADO
B59: 58 | C59: BECERRA SANCHEZ JESUS | D59: 300 | E59: 150 | F59: 1 | G59: 320 | M59: 17 SUR ENTRE 17 PTE Y CANAL | N59: 2021 | O59: PENDIENTE ASISTENCIAS 2020. FALTA COMPLETO
B60: 59 | C60: ZAMORA ROSAS RAFAEL | G60: 320 | I60: 1 | M60: PRIVADA DE LA SIETE SUR S/N | N60: 2021 | O60: PAGADO | P60: PAGADO | Q60: PAGADO | R60: PAGADO | S60: PAGADO | T60: PAGADO
B61: 60 | C61: BENITEZ RAMOS MARIA CONCEPCION | F61: 1 | G61: 320 | M61: CALE 15 SUR NO 1902 -A | N61: 2021 | O61: PAGADO | P61: PAGADO | Q61: PAGADO | R61: PAGADO | S61: PAGADO | T61: PAGADO | U61: PAGADO | V61: PAGADO
B62: 61 | C62: BERNARDO DE JESUS SAUL | F62: 1 | G62: 320 | M62: 13 SUR ENTRE 15 Y 17 PTE. | N62: 2023
A63: CANCELADA | B63: 62 | C63: BONILLA MUÑOZ HILDA | F63: 1 | M63: 9 SUR ENTRE 21 PTE Y CANAL | N63: 2017 | O63: CANCELADA
B64: 63 | C64: BOURET FLORES AMELIA | D64: 300 | E64: 150 | F64: 1 | G64: 320 | J64: 63 | M64: 13 PTE ENTRE 7 Y 9 SUR | N64: 2022 | O64: PAGADO | P64: PAGADO | Q64: PAGADO | R64: PAGADO | S64: PAGADO | T64: PAGADO
A65: CANCELADA | B65: 64 | C65: BRAMBILLA SANTIAGO CIRILO | F65: 1 | G65: 320 | N65: 2017
B66: 65 | C66: BRETON LIMON ALICIA | D66: 300 | F66: 1 | G66: 320 | H66: 300 | M66: 15 PONIENTE ENTRE 9 Y 11 SUR | N66: 2022 | O66: PAGADO | P66: PAGADO | Q66: PAGADO | R66: PAGADO | S66: PAGADO
B67: 66 | C67: PELAEZ VAZQUEZ GUADALUPE | F67: 1 | G67: 320 | M67: 15 SUR ENTRE 15 Y 17 PTE | N67: 2019 | O67: PAGADO | P67: PAGADO | Q67: PAGADO | R67: PAGADO | S67: PAGADO | T67: PAGADO | U67: PAGADO | V67: PAGADO | W67: PAGAGO | X67: PAGADO | Y67: PENDIENTE 6 INASISTENCIAS
B68: 67 | C68: RIOS SALAS DIANA MARIA | F68: 1 | G68: 320 | M68: 9 SUR ENTRE 21 PTE Y CANAL | N68: 2019 | O68: PAGADO | P68: PAGADO | Q68: PAGADO | R68: PAGADO | S68: PAGADO | T68: PAGADO | U68: PAGADO | V68: PAGADO | W68: PAGADO | X68: PAGADO
B69: 68 | C69: CADENA SANTOS MARIA DEL CARMEN | D69: 300 | E69: 150 | F69: 1 | G69: 320 | I69: 1 | M69: 15 PONIENTE ENTRE 9 Y 11 SUR | N69: 2022 | O69: PAGADO | P69: PAGADO | Q69: PAGADO | R69: PAGADO | S69: PAGADO | T69: PAGADO | U69: PAGADO
B70: 69
B71: 70 | C71: CADENA SANTOS IGNACIO | D71: 300 | F71: 1 | G71: 320 | M71: 15 PTE ESQ. 11 SUR | N71: 2023 | O71: PENDIENTE ASISTENCIAS
B72: 71 | C72: CADENA SANTOS MARIA LUISA | F72: 1 | G72: 320 | M72: 15 PTE ENTRE 9 Y 11 SUR | N72: 2020 | O72: PAGADO
B73: 72 | C73: CADENA SANTOS PEDRO | F73: 1 | G73: 320 | M73: 11 SUR ENTRE 15 Y 17 PTE | N73: 2020
A74: BAJA | B74: 73 | C74: ALDUCIN CALDERON GRISELDA | F74: 1 | G74: 320 | J74: 1 | M74: PRIVADA DE LA 7 SUR NO 703 | N74: 2017
B75: 74 | C75: CAMACHO SANTOS HILDA | F75: 1 | G75: 320 | M75: 17 PTE ENTRE 9 Y 11 SUR | N75: 2022 | O75: PAGADO
B76: 75 | C76: CAMACHO SANTOS ROSA MARIA | F76: 3 | G76: 1920 | J76: PAGO 6 INQ. ENE 2019 | M76: 17 PONIENTE ENTRE 11 Y 13 SUR | N76: 2022 | O76: PAGADO 3 | P76: PAGADO 3 | Q76: PAGADO 3 | R76: PAGADO 3 | S76: PAGADO 3
B77: 76 | C77: CANCINO CANO ANGEL | F77: 2 | G77: 640 | M77: 17 PTE ENTRE 13 Y 15 SUR | N77: 2020
B78: 77 | C78: CANCINO CANO JAVIER | F78: 1 | G78: 320 | M78: 17 PONIENTE ENTRE 13 Y 15 SUR | N78: 2020 | O78: PAGADO | P78: PAGADO | Q78: PAGADO | R78: PAGADO | S78: PAGADO | T78: PAGADO | U78: PAGADO
B79: 78 | C79: CANCINO CEBADA ARMANDO | G79: 320 | I79: 1 | M79: 17 PTE ENTRE 13 Y 15 SUR | N79: 2019
B80: 79 | C80: CANCINO CEBADA CLARA | F80: 1 | G80: 320 | M80: 17 PTE ENTRE 13 Y 15 SUR | N80: 2020
B81: 80 | C81: CANCINO CEBADA JAVIER | F81: 1 | G81: 320 | M81: 17 PTE ENTRE 13 Y 15 SUR | N81: 2019 | O81: PAGADO | P81: PAGADO | Q81: PAGADO | R81: PAGADO | S81: PAGADO | T81: PAGADO
B82: 81 | C82: CASTILLO ORDUÑA MARCELINO | F82: 1 | G82: 320 | H82: NO | M82: 19 PTE ENTRE 7 Y 9 SUR | N82: 2021 | O82: PENDIENTE INASISTENCIAS
B83: 82 | C83: CEBADA DE LOS SANTOS MARIA GUADALUPE | F83: 1 | G83: 320 | I83: 1 | M83: 17 PTE S/N ENTRE 13 Y 15 SUR | N83: 2020 | O83: PAGADO | P83: PAGADO | Q83: PAGADO | R83: PAGADO | S83: PAGADO | T83: PAGADO
B84: 83 | C84: CEBADA LIMON ROBERTO | F84: 1 | G84: 320 | I84: 10 VACAS MARZO Y ABRIL 2019 | M84: 17 PTE ENTRE 13 Y 15 SUR | N84: 2020 | O84: PAGADO | P84: PAGADO | Q84: PAGADO
B85: 84 | C85: CEREZO RODRIGUEZ JOSE ALVARO | F85: 1 | G85: 320 | M85: 17 SUR ENTRE 13 Y 15 PTE | N85: 2020
B86: 85 | C86: CERVANTES VERA YESSICA | F86: 1 | G86: 320 | M86: 15 SUR ENTRE 11 Y 13 PTE | N86: 2020
B87: 86 | C87: CHAVEZ GUZMAN CESAR | F87: 1 | G87: 640 | M87: 13 SUR ENTRE 15 Y 19 PTE | N87: 2021
B88: 87 | C88: CHAVEZ GUZMAN PABLO | F88: 1 | G88: 640 | I88: 1 | M88: 13 SUR ENTRE 19 Y 21 PTE | N88: 2021
B89: 88 | C89: CHAVEZ GUZMAN ADRIAN | F89: 1 | G89: 640 | M89: 13 SUR ENTRE 17 Y 19 PTE | N89: 2021
A90: BAJA | B90: 89 | C90: PELAEZ GONZALEZ SONIA | G90: BAJA 2018 | I90: 1 | M90: 13 PONIENTE NO. 1703 | N90: 2017 | O90: PAGADO | P90: PAGADO | Q90: PAGADO | R90: PAGADO | S90: PAGADO | T90: PAGADO | U90: PAGADO | V90: PAGADO
B91: 90 | C91: CLEMENTE GONZALEZ ESTELA | D91: 300 | E91: 150 | F91: 1 | G91: 320 | M91: 9 SUR ENTRE 13 Y 15 PTE | N91: 2023
B92: 91 | C92: COETO GARCIA ANGELES | D92: 300 | E92: 150 | F92: 1 | G92: 320 | M92: 15 SUR 17 PONIENTE | N92: 2022 | O92: PAGADO | P92: PAGADO | Q92: PAGADO | R92: PAGADO | S92: PAGADO | T92: PAGADO
B93: 92 | C93: COETO GARCIA LETICIA | D93: 300 | E93: 150 | F93: 1 | G93: 320 | I93: 1 | M93: 15 SUR ESQ. 17 PTE | N93: 2022 | O93: PAGADO | P93: PAGADO | Q93: PAGADO | R93: PAGADO | S93: PAGADO | T93: PAGADO
B94: 93 | C94: CONTRERAS RODRIGUEZ EDGAR | F94: 1 | G94: 320 | M94: DIAGONAL ESQ, 15 PTE. | N94: 2019 | O94: PAGADO | P94: PAGADO | Q94: PAGADO | R94: PAGADO | S94: PAGADO | T94: PAGADO | U94: PAGADO | V94: PAGADO | W94: PAGADO | X94: PAGADO | Y94: PAGADO
B95: 94 | C95: CONTRERAS RODRIGUEZ ARACELI | G95: 640 | I95: 1 | M95: DIAGONAL PREPA | N95: 2018 | O95: PAGADO | P95: PAGADO | Q95: PAGADO | R95: PAGADO | S95: PAGADO
B96: 95 | C96: CONTRERAS RODRIGUEZ EUSTOLIO | F96: 1 | G96: 320 | M96: DIAGONAL PREPA ESQ. 15 PTE. | N96: 2019 | O96: PAGADO | P96: PAGADO | Q96: PAGADO | R96: PAGADO | S96: PAGADO | T96: PAGADO
B97: 96 | C97: CONTRERAS RODRIGUEZ ENRIQUE | F97: 1 | G97: 320 | M97: DIAGONAL PREPA ESQ. 15 PTE. | N97: 2019 | O97: PAGADO | P97: PAGADO | Q97: PAGADO | R97: PAGADO | S97: PAGADO | T97: PAGADO
B98: 97 | C98: CORTES RODRIGUEZ CONCEPCION | F98: 1 | G98: 640 | M98: 13 PTE. 1702 17 Y 19 SUR | N98: 2020 | O98: PAGADO | P98: PAGADO | Q98: PAGADO | R98: PAGADO | S98: PAGADO
B99: 98 | C99: CORZAS GONZALEZ TERESA | E99: 150 | F99: 1 | G99: 320 | M99: 13 PTE 11 Y 13 SUR | N99: 2021 | O99: PAGADO | P99: PAGADO
B100: 99 | C100: CRUZ FLORES JUAN CARLOS | F100: 1 | G100: 320 | M100: 13 SUR ENTRE 15 Y 17 PTE. | N100: 2022 | O100: PAGADO
...

Sheet Hoja2
B1: TOMAS ENTREGADAS 2020-2021
B2: USUARIO | C2: NOMBRE | D2: DRENAJE | E2: AGUA | F2: AGUA-DRENAJE
B3: 25 | C3: AVELINO ALEJO DANIEL | D3: X
B4: 34 | C4: AVELINO NOTARIO GILBERTO | E4: X
B5: 51 | C5: AVELINO SANTOS GRICELDA | F5: X
B6: 60 | C6: BENITEZ RAMOS MARIA CONCEPCION | D6: X
B7: 178 | C7: PELAEZ JUAREZ MA. DE LOURDES | D7: X
B8: 197 | C8: LEON RODRIGUEZ GABRIELA | F8: X
B9: 277 | C9: MORALES DE LOS SANTOS MARTHA | F9: X
B10: 369 | C10: RODRIGUEZ MALDONADO GABINO | F10: X
B11: 373 | C11: RODRIGUEZ MALDONADO VIRGINIA | F11: X
B12: 437 | C12: ROSAS LUNA MANUEL | D12: X
B13: 439 | C13: FERNANDEZ SANTOS MARIBEL | F13: X
B14: 471 | C14: SANCHEZ VARGAS DIANA LAURA | F14: X
B15: 497 | C15: SANTOS MARTINEZ GUILIANI CLAUDIA | F15: X
B16: 514 | C16: SANTOS ZAMORA YOLANDA | F16: X
B17: 556 | C17: VILLAFAN LEON ARACELI | F17: X
B18: 557 | C18: VILLAFAN LEON CECILIA | E18: X
B19: 560 | C19: VILLAFAN LEON OSCAR | F19: X
B20: 566 | C20: ZAYAGOS GUEVARA MIGUEL | D20: X
B21: 585 | C21: ROSAS MOLINA DELFINO | F21: X
B22: 596 | C22: RODRIGUEZ VELEZ ALBERTO | E22: X
B23: 600 | C23: LEON RODRIGUEZ LORENA | F23: X
B24: 615 | C24: MENDEZ CLEMENTE VALENTIN PASCUAL | E24: X
B25: 619 | C25: GUZMAN TRINIDAD TOMASA | F25: X
B26: 620 | C26: LEON LOPEZ PEDRO | F26: X
B27: 626 | C27: SANDOVAL DE LA CRUZ ERICA | F27: X
B28: 627 | C28: MACHORRO MONTIEL PASCUAL | F28: X
B29: 628 | C29: MACHORRO MONTIEL RUBEN | F29: X
B30: 629 | C30: MOLINA CORTES ELVIRA | F30: X
B31: 630 | C31: MOLINA CORTES SEBASTIANA | F31: X
B32: 631 | C32: NOTARIO ANDRADE MOISES | F32: X
B33: 632 | C33: VALENCIA VALENCIA MARGARITA | F33: X
B34: 634 | C34: ALEJO FLORES BRAYAN | F34: X
B35: 635 | C35: GARCIA SANCHEZ SILVIA | F35: X
B36: 636 | C36: RODRIGUEZ MORALES MARGARITA | F36: X
... B42: 644 | C42: CANDIA ROSAS GABRIELA | F42: X

Sheet Hoja11

Sheet Hoja1
D3: COMITÉ DE AGUA POTABLE Y DRENAJE
D4: DEL BARRIO DE SAN ANTONIO TECAMACHALCO, PUE.
H6: FECHA:
J8: No.
A10: USUARIO | B10: NOMBRE | F10: DIRECCION
A13: DESCRIPCION | D13: TOTAL | E13: CUOTA | F13: VACAS | G13: INQUILINOS | H13: INASISTENCIA | I13: DRENAJE Y | J13: TOTAL
I14: EXTRACCION
E15: 45 | I15: 0
B24: TOMAS RAFAEL MOYA LOPEZ | I24: SELLO

Sheet PAGOS 2011 A 2015
A1: USUARIOS 2011,2012,2013
A2: No. USUARIO | B2: NOMBRE | C2: TOMA | D2: DIRECCION | E2: AÑO | F2: ENERO | G2: FEBRERO | H2: MARZO | I2: ABRIL | J2: MAYO | K2: JUNIO | L2: JULIO | M2: AGOSTO | N2: SEP | O2: OCT | P2: NOV | Q2: DIC
A3: 9 | B3: ABUNDIO RODRIGUEZ LUIS MANUEL | C3: 1 | D3: 15 PTE. NO. 2006 ENT. 7 Y 9 SUR | E3: 2013 | F3: (cambio de domicilio) | J3: PAGADO | K3: PAGADO | L3: PAGADO | M3: PAGADO
A4: 304 | B4: ORTIZ REYES ALEJANDRO | D4: 15 SUR ENTRE 13 Y 15 PTE. | E4: 2013 | F4: (cambio de domicilio)
A5: 397 | B5: RODRIGUEZ TELLEZ JUAN | D5: 15 SUR ENTRE 13 Y 15 PTE. | E5: 2011 | F5: PAGADO | G5: PAGADO | H5: PAGADO | I5: PAGADO | J5: PAGADO | K5: (cambio de domicilio)
A6: 536 | B6: TRUJILLO BERISTAIN FELIPE | C6: 1 | D6: CARRETERA A XOCHITLAN | E6: 2013 | F6: (no le lleg agua)
A7: 553 | B7: VERA MORENO MARIA | D7: 15 ENTRE 13 Y 21 PTE. | E7: 2011 | F7: NUERA DE DOÑA PAULINA
A8: 579 | B8: RIOS REYES CYNAI | D8: 15 SUR 1304 | E8: 2012
A12: USUARIOS 2014, 2015
A13: No. USUARIO | B13: NOMBRE | C13: TOMA | D13: DIRECCION | E13: AÑO | F13: ENERO | G13: FEBRERO | H13: MARZO | I13: ABRIL | J13: MAYO | K13: JUNIO | L13: JULIO | M13: AGOSTO | N13: SEP | O13: OCT | P13: NOV | Q13: DIC
A14: 203 | B14: LOPEZ ANDRADE INES | C14: 1 | D14: 7 SUR ANTRE 13 Y 11 PTE. | E14: 2014
A15: 206 | B15: LOPEZ BAURET MIGUEL ANGEL | C15: 1 | D15: 15 PTE. ENTRE 7 SUR | E15: 2015 | F15: PAGADO | G15: PAGADO | H15: PAGADO | I15: PAGADO | J15: PAGADO | K15: PAGADO
A16: 225 | B16: LOPEZ SANCHEZ MARIA AMELIA | D16: 15 PTE ENTRE 7 Y 0 SUR | E16: 2014 | F16: PAGADO | G16: PAGADO | H16: PAGADO | I16: PAGADO | J16: PAGADO | K16: PAGADO
A17: 227 | B17: LOPEZ SANCHEZ MARIA DE LOURDES | E17: 2014 | F17: PAGADO | G17: PAGADO | H17: PAGADO | I17: PAGADO | J17: PAGADO | K17: PAGADO | L17: PAGADO | M17: PAGADO
A18: 244 | B18: MALDONADO PELAEZ ALEJANDRO | D18: 17 PTE. ENTRE 15 Y 17 SUR | E18: 2014 | F18: PAGADO
A19: 263 | B19: MONTIEL OREA MOISES MAXIMILIANO | C19: 1 | D19: 13 SUR ENTRE 19 Y 21 PTE. | E19: 2015 | F19: PAGADO | G19: PAGADO | H19: PAGADO | I19: PAGADO | J19: PAGADO | K19: PAGADO
A20: 273 | B20: MONTIEL VILLEGAS MARINA | D20: 13 SUR ENTRE 19 Y 21 PTE. | E20: 2014 | F20: PAGADO | G20: PAGADO | H20: PAGADO | I20: PAGADO | J20: PAGADO
A21: 345 | B21: RODRIGUEZ CRISTOBAL MARIA FELIX | C21: 1 | D21: 9 SUR ENTRE 15 Y 17 PTE. | E21: 2014 | F21: PAGADO | G21: PAGADO | H21: PAGADO
A22: 391 | B22: RODRIGUEZ SANTOS ANGELA | D22: 17 PTE. ENTRE 19 SUR Y CANAL | E22: 2014 | F22: (vive en casa de su hermana)
A23: 403 | B23: RODRIGUEZ VELEZ ROCIO | D23: 15 PTE. ESQ. 19 SUR | E23: 2015 | F23: PAGADO | G23: PAGADO | H23: PAGADO
A24: 434 | B24: ROSAS HERNANDEZ FABIAN | D24: 15 PONIENTEE 19 SUR 1710 | E24: 2014 | F24: PAGADO
A25: 465 | B25: SANCHEZ DAVILA GUADALUPE | C25: 1 | D25: 13 SUR ENTRE 21 PTE. Y CANAL | E25: 2014
A26: 476 | B26: SANTOS DEONATE ANTONIO | C26: 1 | D26: 17 SUR ENTRE 13 Y 15 PTE. | E26: 2014
A27: 478 | B27: SANTOS DEONATE EULALIO | C27: 1 | D27: 17 SUR ENTRE 13 Y 15 PTE. | E27: 2015 | F27: PAGADO | G27: PAGADO | H27: PAGADO | I27: PAGADO | J27: PAGADO | K27: PAGADO | L27: PAGADO | M27: PAGADO | N27: PAGADO | O27: PAGADO | P27: PAGADO
A28: 525 | B28: TELLEZ SANTOS ESPERANZA | C28: 1 | D28: 15 SUR ENTRE 13 Y 15 PTE | E28: 2014 | F28: PAGADO | G28: PAGADO | H28: PAGADO
A29: 533 | B29: TREJO RODRIGUEZ CLAUDIA | C29: 1 | D29: 11 SUR ENTRE 15 Y 17 PTE. | E29: 2015
A30: 537 | B30: TRUJILLO VEGA VALENTIN | C30: 1 | D30: 15 SUR ENTRE 11 Y 13 PTE | E30: 2015 | F30: PAGADO | G30: PAGADO | H30: PAGADO | I30: PAGADO | J30: PAGADO | K30: PAGADO | L30: PAGADO | M30: PAGADO
A31: 554 | B31: VERA ROMERO FRANCISCO | C31: 1 | D31: 17 PTE. ENTRE 11 Y 13 SUR | E31: 2015 | F31: PAGADO | G31: PAGADO | H31: PAGADO | I31: PAGADO | J31: PAGADO | K31: PAGADO | L31: PAGADO | M31: PAGADO | N31: PAGADO | O31: PAGADO | P31: PAGADO
A32: 572 | B32: DEONATE FERNANDEZ MARCELA | C32: 1 | D32: 15 PONIENTEE 1113 | E32: 2014
A33: 592 | B33: CHAVEZ MACHORRO SALVADOR | C33: 1 | D33: 19 PONIENTE NO. 1107 ENTRE LA 13 SUR | E33: 2015 | F33: PAGADO | G33: PAGADO | H33: PAGADO | I33: PAGADO | J33: PAGADO | K33: PAGADO | L33: PAGADO

Sheet CANCELADAS
A1: No. USUARIO | B1: NOMBRE | C1: TOMA | D1: DIRECCION | E1: AÑO
A2: 6 | B2: ABUNDIO JUAREZ ROSA MARIA | C2: 1 | D2: 7 SUR ENTRE 15 Y 17 PONIENTE | E2: cancelada 2014
A3: 14 | B3: ALONSO MONTIEL ARIADNA | C3: 1 | D3: 17 SUR ENTRE 15 Y 17 PTE. | E3: cortada 2015
A4: 38 | B4: AVELINO OJEDA ABRAHAM | C4: 1 | D4: 9 SUR ENTRE 21 PTE | E4: cancelada 2012
A5: 56 | B5: AVELINO SANTOS VILIULFO | C5: 1 | D5: 21 PONIENTE NUM. 709, SAN ANTONIO | E5: cancelada en jul 2017
A6: 62 | B6: BONILLA MUÑOZ HILDA | C6: 1 | D6: 9 SUR ENTRE 21 PTE Y CANAL | E6: cancelada 2010
A7: 167 | B7: JIMENEZ ARISTA VICTOR ADAN | C7: 1 | D7: 9 SUR ENTRE 21 PTE Y CANAL | E7: cancelada 2011
A8: 272 | B8: MONTIEL VILLEGAS KARINA | C8: 1 | D8: 13 SUR ENTRE 19 Y 21 PTE. | E8: cortada (pago de ene-2011 a oct-2013 recibo por $1565.00
A9: 298 | B9: NOTARIO LEON MIGUEL | D9: 9 SUR ENTRE 13 Y 15 PTE. | E9: cancelado (pago todo 2016)
A10: 299 | B10: OJEDA NOTARIO AGUSTIN | C10: 1 | D10: DIAGONAL PREPA | E10: cancelada en sep-2013
A11: 311 | B11: PELAEZ JIMENEZ MARIA DEL CARMEN | C11: 1 | D11: 13 SUR ENTRE 19 Y 21 PTE. | E11: cancelada en 2010
A12: 321 | B12: PELAEZ RIOS JOSEFINA | C12: 1 | D12: 17 SUR ENTRE 17 PTE Y CANAL | E12: cancelada (pago de ene-2011 a jul 2016 )
A13: 330 | B13: PORRAS HUERTA MARIA DE LOS ANGELES | C13: 1 | D13: 21 PTE. ENTRE 9 Y 11 SUR | E13: finado Don Juan (no ah pagado el 2014 se le dio recibo por error
A14: 338 | B14: REYES TELLES AMELIA | D14: 15 SUR ENTRE 13 Y 15 PTE. | E14: cortada (pago hasta jun- 2012)
A15: 350 | B15: RODRIGUEZ GARCIA ALEJANDRO | C15: 1 | E15: no vive aquí
A16: 438 | B16: ROSAS NOTARIO FACUNDO | D16: 15 PTE. ESQ. 13 SUR | E16: (se da de baja 2017)
A17: 551 | B17: VELEZ DAVILA JESUS | D17: DIAGONAL PREPA | E17: cancelada en 2010

Sheet PAGOS 2016, 2017
A1: USUARIOS 2014, 2015
A2: No. USUARIO | B2: NOMBRE | C2: TOMA | D2: DIRECCION | E2: AÑO | F2: ENERO | G2: FEBRERO | H2: MARZO | I2: ABRIL | J2: MAYO | K2: JUNIO | L2: JULIO | M2: AGOSTO | N2: SEP | O2: OCT | P2: NOV | Q2: DIC
A3: 17 | B3: ANDRADE LOPEZ LUIS | C3: 1 | D3: 13 SUR ENTRE 21 | E3: 2017 | F3: PAGADO | G3: PAGADO | H3: PAGADO | I3: PAGADO
A4: 18 | B4: ANDRADE MENDEZ JUAN | C4: 1 | D4: 7 PTE. NO. 1503 | E4: 2017 | F4: PAGADO | G4: PAGADO | H4: PAGADO | I4: PAGADO | J4: PAGADO | K4: PAGADO | L4: PAGADO | M4: PAGADO | N4: PAGADO | O4: PAGADO
A5: 19 | B5: ANDRADE VAZQUEZ FERNANDO | C5: 2 | D5: 21 PTE. ENTRE 7 Y 9 SUR | E5: 2017 | F5: PAGADO 2 | G5: PAGADO 2 | H5: PAGADO2 | I5: PAGADO2 | J5: PAGADO 2 | K5: PAGADO2
A6: 20 | B6: APOLINAR VELAZQUEZ JESUS ANTONIO | C6: 1 | D6: 15 PONIENTEE 710 7 Y 9 SUR | E6: 2017 | F6: PAGADO | G6: PAGADO | H6: PAGADO | I6: PAGADO | J6: PAGADO | K6: PAGADO | L6: PAGADO | M6: PAGADO | N6: PAGADO | O6: PAGADO | P6: PAGADO
A7: 21 | B7: ARENAS GONZALEZ JAQUELINE | C7: 1 | D7: 19 PTE. ENTRE 11 Y 13 SUR | E7: 2017
A8: 22 | B8: ARENAS GONZALEZ RODOLFO | C8: 1 | D8: 19 PTE. ESQ. 11 SUR | E8: 2017 | F8: PAGADO | G8: PAGADO | H8: PAGADO | I8: PAGADO | J8: PAGADO | K8: PAGADO
A9: 23 | B9: GONZALEZ ZUÑIGA MARIA ENRIQUETA | C9: 1 | D9: 11 SUR ENTRE 13 Y 15 PTE. | E9: 2017
A10: 25 | B10: AVELINO ALEJO DANIEL | C10: 1 | D10: 13 PONIENTE Y 15 SUR | E10: 2017
A11: 26 | B11: AVELINO ALEJO MIGUEL | C11: 1 | D11: 15 sur 1107 | E11: 2017
A12: 27 | B12: AVELINO ANDRADE RUTH | C12: 1 | D12: 7 SUR ESQ, 17 PTE. | E12: 2017
A13: 28 | B13: AVELINO HERNANDEZ GABRIEL | C13: 1 | D13: 21 PTE. ENTRE 7 Y 9 SUR5 | E13: 2017 | F13: PAGADO | G13: PAGADO | H13: PAGADO | I13: PAGADO
A14: 29 | B14: AVELINO MONTIEL EMILIA | C14: 1 | D14: 13 SUR ENTRE CANAL Y BARRANCA | E14: 2017 | F14: PAGADO | G14: PAGADO
A15: 30 | B15: AVELINO MONTIEL GUADALUPE | C15: 1 | D15: 9 SUR ENTRE 19 Y 21 PTE | E15: 2017 | F15: PAGADO | G15: PAGADO | H15: PAGADO | I15: PAGADO | J15: PAGADO | K15: PAGADO | L15: PAGADO | M15: PAGADO | N15: PAGADO
A16: 31 | B16: AVELINO MONTIEL LUCIA | C16: 2 | D16: 13 SUR 1105 Y 9 SUR | E16: 2017 | F16: PAGADO 2 | G16: PAGADO 2 | H16: PAGADO 2 | I16: PAGADO 2 | J16: PAGADO 2 | K16: PAGADO 2 | L16: PAGADO 2 | M16: PAGADO 2 | N16: PAGADO 2 | O16: PAGADO 2 | P16: PAGADO 2 | Q16: PAGADO 2
A17: 32 | B17: AVELINO MONTIEL MARCELA | C17: 1 | D17: 13 SUR NO. 1102 ENTRE 11 Y 13 PON | E17: 2017
A18: 33 | B18: AVELINO NOTARIO EFRAIN | C18: 1 | D18: TRE 7 Y 9 SUR | E18: 2017 | F18: PAGADO | G18: PAGADO | H18: PAGADO | I18: PAGADO | J18: PAGADO | K18: PAGADO | L18: PAGADO | M18: PAGADO
A19: 34 | B19: AVELINO NOTARIO GILBERTO | C19: 1 | D19: 21 PTE. ENTRE 7 Y 9 SUR5 | E19: 2017 | F19: PAGADO | G19: PAGADO | H19: PAGADO | I19: PAGADO | J19: PAGADO | K19: PAGADO
A20: 35 | B20: AVELINO NOTARIO LILIA | C20: 1 | D20: 21 PTE. ENTRE 7 Y 9 SUR | E20: 2017
A21: 36 | B21: AVELINO NOTARIO MARIELA | C21: 1 | D21: 21 PTE. ENTRE 7 Y 9 SUR5 | E21: 2017
A22: 39 | B22: AVELINO ROBLES CANDELARIA | C22: 1 | D22: 11 SUR ENTRE 21 PTE. Y CANAL | E22: 2017
A23: 40 | B23: AVELINO ROBLES JUANA | C23: 2 | D23: 1 T /21 PONIENTE 1T/ 17 SUR 1502 | E23: 2017
A24: 41 | B24: AVELINO ROBLES MARGARITA | C24: 2 | D24: 11 SUR ENTRE 21 PTE. Y CANAL | E24: 2017
A25: 42 | B25: AVELINO ROMERO AGUSTINA | C25: 1 | D25: 19 PONIENTE ESQ. 9 SUR | E25: 2017
A26: 43 | B26: AVELINO ROMERO JOSE MIGUEL | C26: 3 | D26: 13 SUR ESQUINA 15 PTE | E26: 2017
A27: 44 | B27: AVELINO ROMERO MANUEL | C27: 2 | D27: 11 SUR ENTRE 19 Y 21 PTE. | E27: 2017
A28: 45 | B28: AVELINO ROMERO MARCELINO | C28: 1 | E28: 2017
A29: 46 | B29: AVELINO ROMERO MAURA | C29: 1 | D29: 19 PTE. ESQ. 9 SUR | E29: 2017
A30: 47 | B30: AVELINO ROMERO MAXIMINO | C30: 1 | D30: 9 SUR ENTRE 19 Y 21 PTE. | E30: 2017
A31: 48 | B31: AVELINO SANTOS ALFONSO | C31: 1 | D31: 9 SUR ENTRE 19 Y 21 PTE. | E31: 2017
A32: 49 | B32: AVELINO SANTOS FRANCISCO | C32: 1 | D32: 11 SUR ENTRE LA 21 Y LATERAL VALSEQUILLO | E32: 2017 | F32: PAGADO
A33: 50 | B33: AVELINO SANTOS GAUDENCIO | C33: 1 | D33: 21 PTE- ESQ. 7 SUR | E33: 2017 | F33: PAGADO | G33: PAGADO | H33: PAGADO | I33: PAGADO
A34: 51 | B34: AVELINO SANTOS GRICELDA | D34: 11 SUR ENTRE 21 PTE. Y CANAL | E34: 2017
A35: 52 | B35: AVELINO SANTOS HERMELINDA GUADALUPE | C35: 1 | D35: 11 SUR ENTRE 21 PTE, Y CANAL | E35: 2017 | F35: PAGADO | G35: PAGADO | H35: PAGADO | I35: PAGADO | J35: PAGADO | K35: PAGADO
A36: 53 | B36: AVELINO SANTOS JULIA | C36: 1 | D36: 11 SUR ENTRE 21 PTE. Y CANAL | E36: 2017 | F36: PAGADO | G36: PAGADO | H36: PAGADO | I36: PAGADO | J36: PAGADO | K36: PAGADO | L36: PAGADO | M36: PAGADO | N36: PAGADO | O36: PAGADO | P36: PAGADO | Q36: PAGADO
A37: 54 | B37: SANTOS PELAEZ MARCELO | C37: 2 | D37: CALLE 15 SUR 1306 SAN ANTONIO | E37: 2017 | F37: PAGADO 2 | G37: PAGADO2 | H37: PAGADO2 | I37: PAGADO2 | J37: PAGADO2
A38: 55 | B38: AVELINO SANTOS NATIVIDAD | C38: 1 | D38: 9 SUR ENTRE 21 PTE Y CANAL | E38: 2017 | F38: PAGADO | G38: PAGADO | H38: PAGADO | I38: PAGADO | J38: PAGADO | K38: PAGADO | L38: PAGADO | M38: PAGADO | N38: PAGADO | O38: PAGADO | P38: PAGADO | Q38: PAGADO
A39: 57 | B39: BARCENAS AVELINO EDITH | D39: 7 SUR ESQ. 11 PTE. | E39: 2017
A40: 58 | B40: BECERRA SANCHEZ JESUS | C40: 1 | D40: 17 SUR ENTRE 17 PTE Y CANAL | E40: 2017 | F40: PAGADO | G40: PAGADO | H40: PAGADO | I40: PAGADO | J40: PAGADO | K40: PAGADO | L40: PAGADO | M40: PAGADO | N40: PAGADO | O40: PAGADO | P40: PAGADO | Q40: PAGADO
A41: 59 | B41: ZAMORA ROSAS RAFAEL | D41: PRIVADA DE LA SIETE SUR S/N | E41: 2017
A42: 60 | B42: BENITEZ RAMOS MARIA CONCEPCION | C42: 1 | D42: CALE 15 SUR NO 1902 -A | E42: 2017 | F42: PAGADO | G42: PAGADO | H42: PAGADO | I42: PAGADO | J42: PAGADO
A43: 61 | B43: BERNARDO DE JESUS SAUL | C43: 1 | D43: 13 SUR ENTRE 15 Y 17 PTE. | E43: 2017 | F43: PAGADO | G43: PAGADO | H43: PAGADO | I43: PAGADO | J43: PAGADO | K43: PAGADO | L43: PAGADO | M43: PAGADO | N43: PAGADO | O43: PAGADO | P43: PAGADO | Q43: PAGADO
A44: 63 | B44: BOURET FLORES AMELIA | C44: 1 | D44: 13 PTE ENTRE 7 Y 9 SUR | E44: 2017 | F44: PAGADO | G44: PAGADO | H44: PAGADO | I44: PAGADO | J44: PAGADO | K44: PAGADO
A45: 64 | B45: BRAMBILLA SANTIAGO CIRILO | C45: 1 | E45: 2017
A46: 65 | B46: BRETON LIMON ALICIA | C46: 1 | D46: 15 PONIENTE ENTRE 9 Y 11 SUR | E46: 2017
A47: 66 | B47: PELAEZ VASQUEZ GUADALUPE | C47: 1 | D47: 15 SUR ENTRE 15 Y 17 PTE | E47: 2017 | F47: PAGADO | G47: PAGADO | H47: PAGADO | I47: PAGADO | J47: PAGADO | K47: PAGADO | L47: PAGADO | M47: PAGADO
A48: 67 | B48: RIOS SALAS DIANA MARIA | C48: 1 | D48: 9 SUR ENTRE 21 PTE Y CANAL | E48: 2017 | F48: PAGADO | G48: PAGADO | H48: PAGADO | I48: PAGADO | J48: PAGADO | K48: PAGADO | L48: PAGADO | M48: PAGADO
A49: 68 | B49: CADENA SANTOS MARIA DEL CARMEN | D49: 15 PONIENTE ENTRE 9 Y 11 SUR | E49: 2017 | F49: PAGADO | G49: PAGADO | H49: PAGADO | I49: PAGADO
A50: 70 | B50: CADENA SANTOS IGNACIO | C50: 1 | D50: 15 PTE ESQ. 11 SUR | E50: 2017 | F50: PAGADO | G50: PAGADO | H50: PAGADO | I50: PAGADO | J50: PAGADO | K50: PAGADO | L50: PAGADO | M50: PAGADO | N50: PAGADO | O50: PAGADO | P50: PAGADO | Q50: PAGADO
A51: 71 | B51: CADENA SANTOS MARIA LUISA | C51: 1 | D51: 15 PTE ENTRE 9 Y 11 SUR | E51: 2017 | F51: PAGADO | G51: PAGADO | H51: PAGADO
A52: 72 | B52: CADENA SANTOS PEDRO | C52: 1 | D52: 11 SUR ENTRE 15 Y 17 PTE | E52: 2017
A53: 73 | B53: ALDUCIN CALDERON GRISELDA | C53: 1 | D53: PRIVADA DE LA 7 SUR NO 703 | E53: 2017
A54: 74 | B54: CAMACHO SANTOS HILDA | C54: 1 | D54: 17 PTE ENTRE 9 Y 11 SUR | E54: 2017
A55: 75 | B55: CAMACHO SANTOS ROSA MARIA | C55: 3 | D55: 17 PONIENTE ENTRE 11 Y 13 SUR | E55: 2017 | F55: PAGADO 3
A56: 76 | B56: CANCINO CANO ANGEL | C56: 2 | D56: 17 PTE ENTRE 13 Y 15 SUR | E56: 2017
A57: 78 | B57: CANCINO CEVADA ARMANDO | D57: 17 PTE ENTRE 13 Y 15 SUR | E57: 2017
A58: 79 | B58: CANCINO CEBADA CLARA | C58: 1 | D58: 17 PTE ENTRE 13 Y 15 SUR | E58: 2017
A59: 80 | B59: CANCINO CEBADA JAVIER | C59: 1 | D59: 17 PTE ENTRE 13 Y 15 SUR | E59: 2017 | F59: PAGADO | G59: PAGADO | H59: PAGADO | I59: PAGADO | J59: PAGADO | K59: PAGADO
A60: 81 | B60: CASTILLO ORDUÑA MARCELINO | C60: 1 | D60: 19 PTE ENTRE 7 Y 9 SUR | E60: 2017
A61: 82 | B61: CEBADA DE LOS SANTOS MARIA GUADALUPE | D61: 17 PTE S/N ENTRE 13 Y 15 SUR | E61: 2017 | F61: PAGADO | G61: PAGADO | H61: PAGADO | I61: PAGADO | J61: PAGADO | K61: PAGADO | L61: PAGADO | M61: PAGADO | N61: PAGADO
A62: 83 | B62: CEBADA LIMON ROBERTO | C62: 1 | D62: 17 PTE ENTRE 13 Y 15 SUR | E62: 2017 | F62: PAGADO | G62: PAGADO | H62: PAGADO
A63: 84 | B63: CEREZO RODRIGUEZ JOSE ALVARO | C63: 1 | D63: 17 SUR ENTRE 13 Y 15 PTE | E63: 2017
A64: 85 | B64: CERVANTES VERA YESSICA | C64: 1 | D64: 15 SUR ENTRE 11 Y 13 PTE | E64: 2017
A65: 86 | B65: CHAVEZ GUZMAN CESAR | C65: 1 | D65: 13 SUR ENTRE 15 Y 19 PTE | E65: 2017
A66: 87 | B66: CHAVEZ GUZMAN PABLO | D66: 13 SUR ENTRE 19 Y 21 PTE | E66: 2017
A67: 88 | B67: CHAVEZ MACHORRO PABLO | C67: 1 | D67: 13 SUR ENTRE 17 Y 19 PTE | E67: 2017
A68: 89 | B68: PELAEZ GONZALEZ SONIA | D68: 13 PONIENTE NO. 1703 | E68: 2017 | F68: PAGADO | G68: PAGADO | H68: PAGADO | I68: PAGADO | J68: PAGADO | K68: PAGADO | L68: PAGADO | M68: PAGADO
A69: 90 | B69: CLEMENTE GONZALEZ ESTELA | C69: 1 | D69: 9 SUR ENTRE 13 Y 15 PTE | E69: 2017 | F69: PAGADO | G69: PAGADO | H69: PAGADO | I69: PAGADO | J69: PAGADO | K69: PAGADO | L69: PAGADO | M69: PAGADO | N69: PAGADO | O69: PAGADO | P69: PAGADO | Q69: PAGADO
A70: 91 | B70: COETO GARCIA ANGELES | C70: 1 | D70: 15 SUR 17 PONIENTE | E70: 2017 | F70: PAGADO | G70: PAGADO | H70: PAGADO | I70: PAGADO | J70: PAGADO | K70: PAGADO | L70: PAGADO | M70: PAGADO | N70: PAGADO | O70: PAGADO | P70: PAGADO | Q70: PAGADO
A71: 92 | B71: COETO GARCIA LETICIA | D71: 15 SUR ESQ. 17 PTE | E71: 2017 | F71: PAGADO | G71: PAGADO | H71: PAGADO | I71: PAGADO | J71: PAGADO | K71: PAGADO | L71: PAGADO | M71: PAGADO | N71: PAGADO | O71: PAGADO | P71: PAGADO | Q71: PAGADO
A72: 93 | B72: CONTRERAS RODRIGUEZ EDGAR | C72: 1 | D72: DIAGONAL ESQ, 15 PTE. | E72: 2017
A73: 94 | B73: CONTRERAS RODRIGUEZ ARACELI | D73: DIAGONAL PREPA | E73: 2017
A74: 97 | B74: CORTES RODRIGUEZ CONCEPCION | C74: 1 | D74: 13 PTE. 1702 17 Y 19 SUR | E74: 2017 | F74: PAGADO | G74: PAGADO | H74: PAGADO | I74: PAGADO | J74: PAGADO | K74: PAGADO | L74: PAGADO | M74: PAGADO
A75: 99 | B75: CRUZ FLORES JUAN CARLOS | C75: 1 | D75: 13 SUR ENTRE 15 Y 17 PTE. | E75: 2017
A76: 100 | B76: CRUZ IBAÑEZ ALFONSO | C76: 1 | D76: 9 SUR 1505 15 Y 17 PONIENTE | E76: 2017 | F76: PAGADO | G76: PAGADO | H76: PAGADO | I76: PAGADO | J76: PAGADO | K76: PAGADO | L76: PAGADO | M76: PAGADO | N76: PAGADO | O76: PAGADO | P76: PAGADO | Q76: PAGADO
A77: 101 | B77: CRUZ IBAÑEZ JOSE BASILIO | C77: 1 | D77: 13 SUR ENTRE 13 Y 15 PTE. | E77: 2017 | F77: PAGADO | G77: PAGADO | H77: PAGADO | I77: PAGADO | J77: PAGADO | K77: PAGADO | L77: PAGADO | M77: PAGADO | N77: PAGADO | O77: PAGADO | P77: PAGADO | Q77: PAGADO
A78: 102 | B78: CRUZ IBAÑEZ JOSE LUIS | C78: 1 | D78: 9 SUR Y OTRA EN 17 PTE. | E78: 2017 | F78: PAGADO | G78: PAGADO
A79: 103 | B79: CRUZ IBAÑEZ TORIBIO | C79: 1 | D79: 9 SUR ENTRE 13 Y 15 PTE | E79: 2017
A80: 104 | B80: CRUZ SANTOS AGUSTIN | C80: 1 | D80: 15 SUR ENTRE 13 Y 15 PTE | E80: 2017 | F80: PAGADO | G80: PAGADO | H80: PAGADO
A81: 105 | B81: CRUZ SANTOS ANA LILIA | D81: 11 SUR ENTRE 15 Y 17 PTE | E81: 2017 | F81: PAGADO | G81: PAGADO | H81: PAGADO | I81: PAGADO | J81: PAGADO | K81: PAGADO | L81: PAGADO | O81: PAGADO
A82: 107 | B82: DE LOS SANTOS CERVANTES MARTHA | C82: 1 | D82: 13 PTE- ENTRE 17 Y 19 SUR | E82: 2017 | F82: PAGADO | G82: PAGADO | H82: PAGADO | I82: PAGADO | J82: PAGADO | K82: PAGADO | L82: PAGADO | M82: PAGADO | N82: PAGADO | O82: PAGADO | P82: PAGADO | Q82: PAGADO
A83: 108 | B83: DE LOS SANTOS CERVANTES ROSA | C83: 1 | D83: AV 11 PONIENTE 1510 | E83: 2017 | F83: PAGADO | G83: PAGADO | H83: PAGADO | I83: PAGADO | J83: PAGADO | K83: PAGADO | L83: PAGADO | M83: PAGADO | N83: PAGADO | O83: PAGADO | P83: PAGADO | Q83: PAGADO
A84: 109 | B84: DE LOS SANTOS FLORES SUSANA | C84: 2 | D84: 11 SUR ENTRE 15 Y 17 PTE. | E84: 2017 | F84: PAGADO2 | G84: PAGADO2 | H84: PAGADO2 | I84: PAGADO2 | J84: PAGADO2 | K84: PAGADO2 | L84: PAGADO2 | M84: PAGADO2 | N84: PAGADO2 | O84: PAHGADO2 | P84: PAGADO2 | Q84: PAGADO2
A85: 110 | B85: DE LOS SANTOS LOPEZ FELIX | C85: 1 | D85: 17 PTE. ENTRE 13 Y 15 SUR | E85: 2017 | F85: PAGADO | G85: PAGADO | H85: PAGADO | I85: PAGADO | J85: PAGADO | K85: PAGADO
A86: 111 | B86: DE LOS SANTOS LOPEZ MODESTO | C86: 1 | D86: 17 PTE. ENTRE 13 Y 15 PTE | E86: 2017
A87: 112 | B87: DE LOS SANTOS MARTINEZ MARCIAL | C87: 1 | D87: 15 SUR ESQ, 17 PTE. | E87: 2017 | F87: PAGADO | G87: PAGADO | H87: PAGADO | I87: PAGADO | J87: PAGADO | K87: PAGADO | L87: PAGADO
A88: 113 | B88: DE LOS SANTOS MARTINEZ OCTAVIO | C88: 1 | D88: 15 SUR ENTRE 17 Y 19 SUR | E88: 2017 | F88: PAGADO | G88: PAGADO | H88: PAGADO
A89: 114 | B89: DE LOS SANTOS VALLADARES ERASMO | C89: 1 | D89: 17 PTE. ENTRE 13 Y 15 SUR | E89: 2017 | F89: PAGADO | G89: PAGADO
A90: 115 | B90: DE LOS SANTOS VALLADARES MARGARITA | C90: 1 | D90: 7 SUR ESQ. 15 PTE. | E90: 2017
A91: 116 | B91: DE LOS SANTOS VALLADARES VICENTE | C91: 1 | D91: 15 SUR ENTRE 17 PTE. Y CANAL | E91: 2017 | F91: PAGADO | G91: PAGADO | H91: PAGADO | I91: PAGADO | J91: PAGADO | K91: PAGADO
A92: 117 | B92: DEONATE ANDRADE ALEANDRO | D92: 11 SUR ENTRE 15 Y 17 PTE. | E92: 2017
A93: 118 | B93: DEONATE ANDRADE ANGEL | C93: 1 | D93: 15 PTE ENTRE 11 Y 13 SUR | E93: 2017 | F93: PAGADO | G93: PAGADO | H93: PAGADO | I93: PAGADO | J93: PAGADO | K93: PAGADO | L93: PAGADO | M93: PAGADO | N93: PAGADO | O93: PAGADO
A94: 119 | B94: DEONATE ANDRADE CLEMENTE | D94: 11 SUR ENTRE 15 Y 17 PTE | E94: 2017
A95: 120 | B95: DEONATE ANDRADE FAUSTINO | D95: 11 SUR ENTRE 15 Y 17 PTE | E95: 2017
A96: 121 | B96: DEONATE FERNANDEZ MAURICIO | C96: 1 | D96: 15 PTE ENTRE 11 Y 13 SUR | E96: 2017 | F96: PAGADO | G96: PAGADO | H96: PAGADO | I96: PAGADO | J96: PAGADO | K96: PAGADO
A97: 122 | B97: DEONATE JIMENEZ FAUSTINO | C97: 1 | D97: 11 SUR ENTRE 15 Y 17 PTE. | E97: 2017 | F97: PAGADO | G97: PAGADO | H97: PAGADO | I97: PAGADO | J97: PAGADO | K97: PAGADO | L97: PAGADO | M97: PAGADO | N97: PAGADO | O97: PAGADO | P97: PAGADO | Q97: PAGADO
A98: 123 | B98: DEONATE NIÑO JOSE IVAN | C98: 1 | D98: 15 PTE. ENTRE 19 Y DIAGONAL | E98: 2017 | F98: PAGADO | G98: PAGADO | H98: PAGAO | I98: PAGADO | J98: PAGADO | K98: PAGADO | L98: PAGADO | M98: PAGADO | N98: PAGADO | O98: PAGADO | P98: PAGADO | Q98: PAGADO
A99: 124 | B99: DEONATE NIÑO VICTOR MANUEL | C99: 1 | D99: 15 PTE. 19 SUR Y DIAGONAL | E99: 2017
A100: 125 | B100: DIAZ SANTOS JULIO CESAR | D100: 15 PONIENTE ENTRE 17 Y 19 SUR | E100: 2017 | F100: PAGADO | G100: PAGADO | H100: PAGADO | I100: PAGADO
...

Sheet PAGOS 2018
A1: USUARIOS 2018
A2: No. USUARIO | B2: NOMBRE | C2: TOMA | D2: DIRECCION | E2: AÑO | F2: ENERO | G2: FEBRERO | H2: MARZO | I2: ABRIL | J2: MAYO | K2: JUNIO | L2: JULIO | M2: AGOSTO | N2: SEPT | O2: OCT | P2: NOV | Q2: DIC
A3: 16 | B3: ANDRADE JIMENEZ JUAN MARIO | C3: 1 | D3: 11 SUR ENTRE 15 Y 17 PTE. | E3: 2018 | F3: PAGADO | G3: PAGADO | H3: PAGADO | I3: PAGADO | J3: PAGADO | K3: PAGADO | L3: PAGADO | M3: PAGADO | N3: PAGADO | O3: PAGADO | P3: PAGADO | Q3: PAGADO
A4: 106 | B4: DE LOS ANGELES ISLAS MIGUEL | C4: 1 | D4: 11 SUR ENTRE 15 Y 17 PTE | E4: 2018 | F4: PAGADO | G4: `PAGADO | H4: PAGADO | I4: PAGADO
A5: 146 | B5: GARCIA ORTIZ YOLANDA | C5: 1 | D5: 11 PTE. ESQ. 7 SUR | E5: 2018 | F5: PAGADO | G5: PAGADO | H5: PAGADO | I5: PAGADO | J5: PAGADO
A6: 196 | B6: LEON RODRIGUEZ CESAR | D6: 19 SUR ENTRE 15 Y 17 PONIENTE | E6: 2018 | F6: PAGADO | G6: PAGADO | H6: PAGADO | I6: PAGADO | J6: PAGADO | K6: PAGADO
A7: 198 | B7: LEON RODRIGUEZ RODRIGO | C7: 1 | D7: 19 SUR ENTRE 15 Y 17 PTE. | E7: 2018 | F7: PAGADO | G7: PAGADO | H7: PAGADO | I7: PAGADO | J7: PAGADO
A8: 211 | B8: LOPEZ GARCIA JOSE GUADALUPE | C8: 1 | D8: 21 PINIENTE SN NUMERO | E8: 2018
A9: 213 | B9: LOPEZ GONZALEZ GERARDO | C9: 1 | D9: 13 PTE. ENTRE 13 Y 15 SUR | E9: 2018 | F9: PAGADO | G9: PAGADO | H9: PAGADO | I9: PAGADO | J9: PAGADO | K9: PAGADO
A10: 215 | B10: LOPEZ LOPEZ CELINA | C10: 1 | D10: 15 PTE. ESQ. 7 SUR | E10: 2018 | F10: PAGADO | G10: PAGADO | H10: PAGADO | I10: PAGADO | J10: PAGADO | K10: PAGADO | L10: PAGADO | M10: PAGADO
A11: 226 | B11: LOPEZ SANCHEZ MARIA CANDELARIA | D11: 13 SUR ENTRE 21 PTE Y CANAL | E11: 2018 | F11: PAGADO | G11: PAGADO | H11: PAGADO | I11: PAGADO | J11: PAGADO | K11: PAGADO
A12: 230 | B12: LOPEZ SANCHEZ RUFINO | C12: 1 | D12: 15 PTE. ENTRE 7 Y 9 SUR | E12: 2018 | F12: PAGADO | G12: PAGADO | H12: PAGADO | I12: PAGADO | J12: PAGADO | K12: PAGADO | L12: PAGADO | M12: PAGADO
A13: 236 | B13: LOPEZ SANTOS RICARDO | C13: 1 | D13: 15 PTE. ESQ. 7 SUR | E13: 2018
A14: 246 | B14: ALONSO PELEZ ANALLELY | D14: CAMINO REAL SI NUMERO | E14: 2018 | F14: PAGADO | G14: PAGADO | H14: PAGADO | I14: PAGADO | J14: PAGADO | K14: PAGADO | L14: PAGADO
A15: 248 | B15: MARTINEZ GONZALEZ JOSE LUIS | D15: 17 SUR ENTRE 17 PTE. Y CANAL | E15: 2018 | F15: PAGADO | G15: PAGADO | H15: PAGADO | I15: PAGADO | J15: PAGADO | K15: PAGADO | L15: PAGADO | M15: PAGADO
A16: 251 | B16: MARTINEZ RAMIREZ GREGORIA | C16: 1 | D16: 15 SUR ENTRE 19 Y 21 PTE. | E16: 2018
A17: 255 | B17: MENDEZ SANTOS ELADIO | C17: 1 | D17: 17 SUR ENTRE 17 PTE Y CANAL | E17: 2018 | F17: PAGADO | G17: PAGADO | H17: PAGADO | I17: PAGADO | J17: PAGADO | K17: PAGADO | L17: PAGADO | M17: PAGADO | N17: PAGADO | O17: PAGADO | P17: PAGADO
A18: 265 | B18: MONTIEL ROMAN FELIPE | C18: 1 | D18: 15 SUR ENTRE 19 Y 21 PTE. | E18: 2018 | F18: PAGADO | G18: PAGADO | H18: PAGADO
A19: 270 | B19: MONTIEL ROMAN SUSANA | C19: 1 | D19: 19 PTE. ENTRE 11 Y 13 PTE. | E19: 2018 | F19: PAGADO | G19: PAGADO | H19: PAGADO | I19: PAGADO | J19: PAGADO | K19: PAGADO | L19: PAGADO | M19: PAGADO | N19: PAGADO
A20: 275 | B20: MORALES AGUILERA ANA ELSA | C20: 1 | D20: 15 SUR ENTRE 17 PTE. Y CANAL | E20: 2018 | F20: PAGADO | G20: PAGADO | H20: PAGADO | I20: PAGADO | J20: PAGADO | K20: PAGADO
A21: 280 | B21: MORO ORTIZ INES | C21: 1 | D21: 15 PTE. ENTRE 11 Y 13 SUR | E21: 2018 | F21: PAGADO | G21: PAGADO | H21: PAGADO | I21: PAGADO | J21: PAGADO | K21: PAGADO | L21: PAGADO | M21: PAGADO
A22: 290 | B22: NIÑO ROMERO NOE | C22: 1 | D22: DIAGONAL PREPA | E22: 2018
A23: 292 | B23: NOGALES REYES MARGARITA | C23: 1 | D23: 15 SUR ENTRE 19 Y 21 PTE. | E23: 2018 | F23: PAGADO | G23: PAGADO | H23: PAGADO | I23: PAGADO
A24: 296 | B24: NOTARIO LIMON CONCEPCION | C24: 1 | D24: 17 PTE. Y 13 SUR | E24: 2018 | F24: PAGADO | G24: PAGADO | H24: PAGADO | I24: PAGADO | J24: PAGADO | K24: PAGADO | L24: PAGADO | M24: PAGADO | N24: PAGADO
A25: 297 | B25: PELAEZ VALENTIN ALEJANDRA ISAMAR | D25: 17 SUR 1702 A | E25: 2018
A26: 308 | B26: PELAEZ JIMENEZ ESTEBAN | C26: 1 | D26: 13 PTE ENTRE 17 Y 19 SUR | E26: 2018
A27: 316 | B27: PELAEZ JUREZ JOSE LUIS | C27: 1 | D27: 17 SUR ENTRE 11 Y 13 PTE. | E27: 2018 | F27: PAGADO | G27: PAGADO | H27: PAGADO | I27: PAGADO
A28: 326 | B28: PERALTA TENTLE JUAN | C28: 1 | E28: 2018 | F28: PAGADO | G28: PAGADO | H28: PAGADO | I28: PAGADO | J28: PAGADO | K28: PAGADO | L28: PAGADO
A29: 334 | B29: RAMIREZ RODRIGUEZ SANDRA | D29: 15 SUR ENTRE 15 Y 17 PTE. | E29: 2018 | F29: PAGADO | G29: PAGADO | H29: PAGADO | I29: PAGADO | J29: PAGADO | K29: PAGADO | L29: PAGADO | M29: PAGADO | N29: PAGADO
A30: 337 | B30: REYES CARRERA FRANCISCO | C30: 1 | D30: 13 PTE. NO. 1303 ENTRE 15 Y 17 PTE. | E30: 2018
A31: 342 | B31: RODRIGUEZ AVELINO JOSE FABIAN | D31: 7 SUR ENTRE 19 Y 21 PTE | E31: 2018 | F31: PAGADO | G31: PAGADO | H31: PAGADO | I31: PAGADO | J31: PAGADO | K31: PAGADO
A32: 343 | B32: MONTIEL JIMENEZ OSCAR | E32: 2018
A33: 348 | B33: RODRIGUEZ DOROTEO CRISTOBAL | C33: 1 | D33: 21 PONIENTE ENTRE 13 Y 15 SUR | E33: 2018 | F33: PAGADO | G33: PAGADO | H33: PAGADO | I33: PAGADO | J33: PAGADO | K33: PAGADO
A34: 360 | B34: RODRIGUEZ JIMENEZ JOSE RAUL | D34: 13 PONIENTE ESQUINA 17 SUR | E34: 2018 | F34: PAGADO | G34: PAGADO | H34: PAGADO | I34: PAGADO | J34: PAGADO | K34: PAGADO | L34: PAGADO | M34: PAGADO | N34: PAGADO
A35: 362 | B35: RODRIGUEZ LOPEZ HORTENCIA | C35: 1 | D35: 15 PTE ENTRE 21 SUR Y PREPA | E35: 2018
A36: 379 | B36: RODRIGUEZ PELAEZ KARINA | D36: 17 PTE. ENTRE 13 Y 15 SUR | E36: 2018 | F36: PAGADO | G36: PAGADO | H36: PAGADO | I36: PAGADO | J36: PAGADO | K36: PAGADO | L36: PAGADO | M36: PAGADO | N36: PAGADO | O36: PAGADO
A37: 381 | B37: RODRIGUEZ PELAEZ MARICELA | D37: 17 PTE. ENTRE 13 Y 15 SUR | E37: 2018
A38: 383 | B38: RODRIGUEZ RODRIGUEZ ANGEL | C38: 1 | D38: 13 SUR ENTRE 13 Y 15 PTE. | E38: 2018 | F38: PAGADO | G38: PAGADO | H38: PAGADO | I38: PAGADO | J38: PAGADO | K38: PAGADO | R38: PAGO 6 INASISTENCIAS, PAGO 4 MAS INASISTENCIAS DE JULIO A OCTUBRE 2017.
A39: 384 | B39: RODRIGUEZ RODRIGUEZ DELFINO | C39: 3 | D39: 15 SUR ENTRE 11 Y 13 PTE. | E39: 2018 | F39: PAGADO | G39: PAGADO | H39: PAGADO | I39: PAGADO | J39: PAGADO | K39: PAGADO | L39: PAGADO | M39: PAGADO | N39: PAGADO
A40: 395 | B40: RODRIGUEZ SANTOS JOSE LUIS | D40: 11 SUR ENTRE 15 Y 17 PTE. | E40: 2018 | F40: PAGADO | G40: PAGADO | H40: PAGADO
A41: 396 | B41: ROMERO LOPEZ VANESA | D41: CALLE 7 SUR NO 1701 | E41: 2018 | F41: PAGADO | G41: PAGADO | H41: PAGADO | I41: PAGADO | J41: PAGADO | K41: PAGADO | L41: PAGADO
A42: 409 | B42: ROMERO JUAREZ ANDRES | C42: 1 | D42: PRIVADA 7 SUR ENTRE 11Y 17 PTE. | E42: 2018 | F42: PAGADO | G42: PAGADO | H42: PAGADO | I42: PAGADO | J42: PAGADO | K42: PAGADO | L42: PAGADO | R42: MULTAS PAGADAS
A43: 410 | B43: ROMERO JUAREZ JOSE LUIS | C43: 1 | D43: PRIVADA 7 SUR ENTRE 15 Y 17 PTE. | E43: 2018 | F43: PAGADO | G43: PAGADO | H43: PAGADO | I43: PAGADO | J43: PAGADO | K43: PAGADO | L43: PAGADO | M43: PAGADO | N43: PAGADO
A44: 424 | B44: ROSAS SANCHEZ GUADALUPE | C44: 1 | D44: PRIVADA 9 SUR ENTRE 7 SUR | E44: 2018 | F44: PAGADO | G44: PAGADO | H44: PAGADO | I44: PAGADO | J44: PAGADO | K44: PAGADO | L44: PAGADO | M44: PAGADO | N44: PAGADO
A45: 429 | B45: ROSAS ALEJO VERONICA | C45: 1 | D45: 19 PTE. ENTRE 13 Y 15 SUR | E45: 2018
A46: 439 | B46: ROSAS POZOS OSCAR | C46: 1 | D46: PRIVADA DE LA 15 PTE. ENTRE 17 Y 19 SUR | E46: 2018 | F46: PAGADO | G46: PAGADO | H46: PAGADO | I46: PAGADO | J46: PAGADO | K46: PAGADO | L46: PAGADO
A47: 454 | B47: ROSAS SALAS JUAN | C47: 1 | D47: 13 SUR ENTRE 15 Y 17 PTE. | E47: 2018 | F47: PAGADO | G47: PAGADO | H47: PAGADO | I47: PAGADO | J47: PAGADO | K47: PAGADO | L47: PAGADO | M47: PAGADO | N47: PAGADO | O47: PAGADO | P47: PAGADO | Q47: PAGADO
A48: 457 | B48: ROSAS SALAS TERESA | C48: 1 | D48: 13 SUR NO. 1903 | E48: 2018 | F48: PAGADO | G48: PAGADO | H48: PAGADO | I48: PAGADO | J48: PAGADO | K48: PAGADO | R48: PAGO 11 INASISTENCIAS
A49: 462 | B49: SALAS JIMENEZ JUAN JOSE | C49: 1 | D49: 11 SUR ENTRE 13 Y 15 PTE. | E49: 2018 | F49: PAGADO | G49: PAGADO | H49: PAGADO | I49: PAGADO | J49: PAGADO | R49: PAGO 12 INASISTENCIAS
A50: 483 | B50: SANTOS FLORES PEDRO BERNARDINO | C50: 1 | D50: 11 SUR NO. 1508 | E50: 2018
A51: 484 | B51: SANTOS GARCES CAYETANO | C51: 1 | D51: 17 SUR ESQ. 15 PTE- | E51: 2018
A52: 490 | B52: SANTOS GARCIA PEDRO RAMON | C52: 1 | D52: 11 SUR NO. 1508 | E52: 2018 | F52: PAGADO | G52: PAGADO | H52: PAGADO | I52: PAGADO | J52: PAGADO | K52: PAGADO | L52: PAGADO
A53: 497 | B53: SANTOS MARTINEZ GUILIANI CLAUDIA | C53: 1 | D53: 15 PONIENTE Y 19 SUR | E53: 2018 | F53: PAGADO | G53: PAGADO | H53: PAGADO | I53: PAGADO | J53: PAGADO | K53: PAGADO | L53: PAGADO
A54: 508 | B54: SANTOS ZAMORA GONZALO | C54: 1 | D54: 17 PTE ENTRE 17 Y 19 SUR | E54: 2018 | F54: PAGADO | G54: PAGADO | H54: PAGADO | I54: PAGADO | J54: PAGADO | K54: PAGADO | L54: PAGADO
A55: 512 | B55: SANTOS ZAMORA MIGUEL | C55: 1 | D55: 19 SUR ENTRE 13 Y 15 PTE. | E55: 2018 | F55: PAGADO | G55: PAGADO
A56: 516 | B56: SILVA SANCHEZ DAVID | C56: 1 | D56: 19 PTE. ENTRE 11 Y 13 SUR | E56: 2018 | F56: PAGADO | G56: PAGADO | H56: PAGADO | I56: PAGADO | J56: PAGADO | K56: PAGADO | L56: PAGADO | M56: PAGADO | N56: PAGADO | O56: PAGADO
A57: 518 | B57: SUMANO SILVA FRANCISCO JAVIER | C57: 1 | D57: 19 SUR ENTRE 13 Y 15 PTE. | E57: 2018
A58: 519 | B58: TAMAYO GUTIERREZ BEATRIZ | C58: 1 | D58: 13 SUR Y 21 PTE. | E58: 2018 | F58: PAGADO | G58: PAGADO | H58: PAGADO | I58: PAGADO | J58: PAGADO | K58: PAGADO | L58: PAGADO | M58: PAGADO
A59: 521 | B59: TELLEZ ROMERO CESAR | C59: 1 | D59: 17 PTE. ESQ. 13 SUR | E59: 2018 | F59: PAGADO | G59: PAGADO | H59: PAGADO | I59: PAGADO | J59: PAGADO | K59: PAGADO | L59: PAGADO
A60: 529 | B60: TORRES MARTINEZ MARIA DEL ROCIO | D60: 17 SUR NO. 1103 | E60: 2018 | F60: PAGADO | G60: PAGADO | H60: PAGADO | I60: PAGADO | J60: PAGADO | K60: PAGADO | L60: PAGADO | M60: PAGADO
A61: 530 | B61: TORRES MARTINEZ ROBERTO | D61: 17 SUR ENTRE 11 Y 13 PTE | E61: 2018 | F61: PAGADO | G61: PAGADO | H61: PAGADO | I61: PAGADO | J61: PAGADO | K61: PAGADO | L61: PAGADO | M61: PAGADO | N61: PAGADO
A62: 531 | B62: TORRES RODRIGUEZ ROBERTO | C62: 1 | D62: 17 SUR ENTRE 11 Y 13 PTE | E62: 2018
A63: 538 | B63: VALERIANO MARTINEZ MARIA DEL SOCORRO | C63: 1 | D63: 19 PTE. ENTRE 15 Y 17 SUR | E63: 2018 | F63: PAGADO | G63: PAGADO | H63: PAGADO | I63: PAGADO | J63: PAGADO | K63: PAGADO | L63: PAGADO
A64: 586 | B64: AVELINO NOTARIO GABRIELA | D64: 9 SUR NO. 709, BARRIO SAN ANTONIO | E64: 2018
A65: 594 | B65: AVELINO GAMEZ STHEFANYA | D65: CALLE 13 PONIENTE NO. 1503 | E65: 2018
A66: 595 | B66: TORRES ALMEDIDA ALEJANDRINA | C66: 1 | D66: CALLE 13 SUR | E66: 2018 | F66: PAGADO | G66: PAGADO | H66: PAGADO
A67: 600 | B67: LEON RODRIGUEZ LORENA | E67: 2018 | F67: PAGADO | G67: PAGADO | H67: PAGADO | I67: PAGADO | J67: PAGADO | K67: PAGADO | L67: PAGADO

Sheet PAGOS 2019
A1: USUARIOS 2019
A2: No. USUARIO | B2: NOMBRE | C2: TOMA | D2: DIRECCION | E2: AÑO | F2: ENERO | G2: FEBRERO | H2: MARZO | I2: ABRIL | J2: MAYO | K2: JUNIO | L2: JULIO | M2: AGOST | N2: SEP | O2: OCT | P2: NOV | Q2: DIC
A3: 1 | B3: ABUNDIO CRESCENCIO LORENZO | C3: 1 | D3: 15 PONIENTE ESQ, 7 SUR | E3: 2019 | F3: PAGADO | G3: PAGADO | H3: PAGADO | I3: PAGADO | J3: PAGADO | K3: PAGADO | L3: PAGADO | M3: PAGADO | N3: PAGADO | O3: PAGADO | P3: PAGADO | Q3: PAGADO
A4: 2 | B4: ABUNDIO JIMENEZ LEOBARDO | C4: 1 | D4: 7 SUR ENTRE 11 Y 13 PONIENTE | E4: 2019 | F4: PAGADO | G4: PAGADO | H4: PAGADO | I4: PAGADO | J4: PAGADO
A5: 3 | B5: ABUNDIO JIMENEZ ROMARICO | C5: 1 | D5: 7 SUR ENTRE 11 Y 13 PTE | E5: 2019
A6: 4 | B6: ABUNDIO JUAREZ GABRIELA | C6: 1 | D6: 7 SUR ENTRE 15 Y 17 PTE. | E6: 2019
A7: 5 | B7: ABUNDIO JUAREZ JOSE LUIS | C7: 1 | D7: 15 PTE. NO. 2006 | E7: 2019 | F7: PAGADO | G7: PAGADO | H7: PAGADO | I7: PAGADO | J7: PAGADO
A8: 7 | B8: ABUNDIO JUAREZ VICTOR GUILLERMO | C8: 1 | D8: 7 SUR ENTRE 11 Y 13 PTE. | E8: 2019
A9: 8 | B9: ABUNDIO LOPEZ JESUS MAURO | C9: 2 | D9: 7 SUR ENTRE 11 Y 13 PONIENTE | E9: 2019 | F9: PAGADO 2 | G9: PAGADO 2 | H9: PAGADO 2 | I9: PAGADO 2 | J9: PAGADO 2
A10: 10 | B10: ADAN GONZALEZ LIDIA | C10: 1 | D10: 9 SUR ENTRE 21 PTE. Y CANAL | E10: 2019
A11: 11 | B11: AGUILAR GUERRERO JESUS | C11: 1 | D11: 9 SUR ENTRE 21 PTE. Y CANAL | E11: 2019 | F11: PAGADO | G11: PAGADO | H11: PAGADO | I11: PAGADO | J11: PAGADO | K11: PAGADO | L11: PAGADO | M11: PAGADO | N11: PAGADO | O11: PAGADO | P11: PAGADO | Q11: PAGADO
A12: 12 | B12: ALCANTARA ANGEL AMELIA | C12: 2 | D12: 13 PONIENE 701 ENTRRE 7 Y 9 SUR | E12: 2019 | F12: PAGADO2 | G12: PAGADO2 | H12: PAGADO2 | I12: PAGADO2 | J12: PAGADO2 | K12: PAGADO2
A13: 13 | B13: ALEJO CASTILLO MERCED | C13: 1 | D13: 17 PONIENTE ENTRE 17 Y 17 SUR | E13: 2019
A14: 15 | B14: ALONSO MONTIEL JORGE | C14: 1 | D14: 17 SUR ENTRE 15 Y 17 PTE. | E14: 2019 | F14: PAGADO | G14: PAGADO | H14: PAGADO | I14: PAGADO | J14: PAGADO
A15: 24 | B15: AVELINO MONTIEL FERNANDO | C15: 1 | D15: 9 SUR ENTRE 19 Y 21 PTE. | E15: 2019 | F15: PAGADO | G15: PAGADO | H15: PAGADO | I15: PAGADO | J15: PAGADO | K15: PAGADO | L15: PAGADO | M15: PAGADO | N15: PAGADO | O15: PAGADO | P15: PAGADO | Q15: PAGADO
A16: 77 | B16: CANCINO CANO JAVIER | C16: 1 | D16: 17 PONIENTE ENTRE 13 Y 15 SUR | E16: 2019 | F16: PAGADO | G16: PAGADO | H16: PAGADO | I16: PAGADO | J16: PAGADO | K16: PAGADO
A17: 95 | B17: CONTRERAS RODRIGUEZ EUSTOLIO | C17: 1 | D17: DIAGONAL PREPA ESQ. 15 PTE. | E17: 2019 | F17: PAGADO | G17: PAGADO | H17: PAGADO | I17: PAGADO | J17: PAGADO | K17: PAGADO
A18: 96 | B18: CONTRERAS TELLEZ ENRIQUE | C18: 1 | D18: DIAGONAL PREPA ESQ. 15 PTE. | E18: 2019 | F18: PAGADO | G18: PAGADO | H18: PAGADO | I18: PAGADO | J18: PAGADO | K18: PAGADO
A19: 98 | B19: CORZAS GONZALEZ TERESA | C19: 1 | D19: 13 PTE 11 Y 13 SUR | E19: 2019 | F19: PAGADO | G19: PAGADO | H19: PAGADO | I19: PAGADO | J19: PAGADO | K19: PAGADO
A20: 135 | B20: GAMEZ GONZALEZ EDUARDO | C20: 1 | D20: 13 SUR ESQ. 13 PTE | E20: 2019 | F20: PAGADO | G20: PAGADO | H20: PAGADO | I20: PAGADO | J20: PAGADO | K20: PAGADO
A21: 188 | B21: LEON ANDRADE PEDRO | C21: 1 | D21: 19 SUR ENTRE 17 PTE. CANAL | E21: 2019 | F21: PAGADO | G21: PAGADO | H21: PAGADO | I21: PAGADO | J21: PAGADO | K21: PAGADO | L21: PAGADO | M21: PAGADO | N21: PAGADO | O21: PAGADO | P21: PAGADO | Q21: PAGADO
A22: 200 | B22: LETRAS CAMPOS PEDRO | C22: 3 | D22: 17 SUR NO. 1706 | E22: 2019
A23: 201 | B23: LETRAS LEZAMA JUAN | C23: 1 | D23: 17 SUR ENTRE 17 PTE. Y CANAL | E23: 2019 | F23: PAGADO | G23: PAGADO | H23: PAGADO | I23: PAGADO | J23: PAGADO | K23: PAGADO | L23: PAGADO | M23: PAGADO | N23: PAGADO | O23: PAGADO
A24: 202 | B24: LOPEZ GONZALEZ ISABEL | C24: 1 | D24: 13 PTE. ENTRE 13 Y 15 SUR | E24: 2019 | F24: PAGADO | G24: PAGADO | H24: PAGADO | I24: PAGADO | J24: PAGADO | K24: PAGADO | L24: PAGADO | M24: PAGADO | N24: PAGADO | O24: PAGADO | P24: PAGADO | Q24: PAGADO
A25: 204 | B25: LOPEZ AVELINO INES | C25: 1 | D25: 13 PTE. ESQ. 9 SUR | E25: 2019 | F25: PAGADO | G25: PAGADO | H25: PAGADO
A26: 205 | B26: LOPEZ AVELINO RUTILO | C26: 2 | D26: 13 PTE. NO 902 Y PRIVADA 7SUR | E26: 2019
A27: 207 | B27: LOPEZ BAURET ROMUALDO | C27: 1 | D27: 15 PTE. ENTRE 7 SUR | E27: 2019
A28: 209 | B28: LOPEZ CASTILLO ALBERTO | C28: 1 | D28: 15 PTE. ESQ. 7 SUR | E28: 2019 | F28: PAGADO | G28: PAGADO | H28: PAGADO | I28: PAGADO | J28: PAGADO
A29: 212 | B29: LOPEZ GARCIA RAMON | C29: 1 | D29: 13 SUR JUNTO A EL LATERA | E29: 2019 | F29: PAGADO | G29: PAGADO | H29: PAGADO | I29: PAGADO | J29: PAGADO | K29: PAGADO
A30: 214 | B30: LOPEZ LOPEZ CARLOS | C30: 1 | D30: 17 PTE. ENTRE 11 Y 13 SUR | E30: 2019 | F30: PAGADO | G30: PAGADO | H30: PAGADO | I30: PAGADO | J30: PAGADO
A31: 216 | B31: LOPEZ LOPEZ MARGARITA | C31: 1 | D31: CALLE 7 SUR NO. 1701 | E31: 2019 | F31: PAGADO | G31: PAGADO | H31: PAGADO
A32: 217 | B32: LOPEZ LOPEZ REINA | C32: 1 | D32: 15 PTE. ESQ . 7 SUR . | E32: 2019 | F32: PAGADO | G32: PAGADO | H32: PAGADO
A33: 218 | B33: LOPEZ GAMEZ MARIA DEL CARMEN | C33: 1 | D33: 13 SUR S/N | E33: 2019 | F33: PAGADO | G33: PAGADO | H33: PAGADO | I33: PAGADO | J33: PAGADO
A34: 220 | B34: LOPEZ SANCHEZ ANTONIO | C34: 1 | D34: 13 SUR ENTRE 21 Y CANAL | E34: 2019
A35: 221 | B35: LOPEZ SANTOS ARACELI | C35: 1 | D35: 13 PONIENTE Y PRIV. DE LA 7 SUR | E35: 2019
A36: 222 | B36: LOPEZ SANCHEZ ENRIQUE | C36: 1 | D36: 21 PTE ESQ. 13 SUR | E36: 2019 | F36: PAGADO | G36: PAGADO | H36: PAGADO | I36: PAGADO | J36: PAGADO | K36: PAGADO | L36: PAGADO | M36: PAGADO | N36: PAGADO | O36: PAGADO | P36: PAGADO | Q36: PAGADO
A37: 228 | B37: MONTIEL JIMENEZ MARCO ANTONIO | C37: 1 | D37: 15 PTE 15 SUR | E37: 2019
A38: 231 | B38: LOPEZ SANCHEZ SERGIO | C38: 1 | D38: 13 SUR ENTRE 21 PTE Y CANAL | E38: 2019
A39: 232 | B39: LOPEZ SANTOS JAVIER | C39: 1 | D39: 13 PTE. NO. 908 | E39: 2019
A40: 233 | B40: LOPEZ SANTOS JOSE LUIS | C40: 1 | D40: 13 PTE. ENTRE 9 Y 11 SUR | E40: 2019 | F40: PAGADO | G40: PAGADO | H40: PAGADO | I40: PAGADO | J40: PAGADO | K40: PAGADO | L40: PAGADO | M40: PAGADO | N40: PAGADO | O40: PAGADO | P40: PAGADO | Q40: PAGADO
A41: 234 | B41: LOPEZ SANTOS LAURA | C41: 1 | D41: 13 PONIENTE Y PRIV. DE LA 7 SUR | E41: 2019
A42: 235 | B42: LOPEZ SANTOS MARIA ESPERANZA | C42: 1 | D42: 15 PTE. ENTRE 7 Y 9 SUR | E42: 2019 | F42: PAGADO | G42: PAGADO | H42: PAGADO | I42: PAGADO | J42: PAGADO | K42: PAGADO
A43: 237 | B43: LOPEZ ZAMORA DELFINO | C43: 1 | D43: 15 PTE. ENTRE 7 Y 9 SUR | E43: 2019 | F43: PAGADO | G43: PAGADO | H43: PAGADO | I43: PAGADO | J43: PAGADO | K43: PAGADO
A44: 238 | B44: LUNA DOROTEO MICAELA FRANCISCA | C44: 1 | D44: 19 SUR ESQ. 17 PTE | E44: 2019 | F44: PAGADO | G44: PAGADO | H44: PAGADO | I44: PAGADO | J44: PAGADO | K44: PAGADO | L44: PAGADO | M44: PAGADO | N44: PAGADO | O44: PAGADO | P44: PAGADO | Q44: PAGADO
A45: 239 | B45: LUNA FUENTES EMILIA | C45: 1 | D45: 13 PTE. NO. 1109 | E45: 2019 | F45: PAGADO | G45: PAGADO | H45: PAGADO | I45: PAGADO | J45: PAGADO | K45: PAGADO | L45: PAGADO | M45: PAGADO | N45: PAGADO | O45: PAGADO | P45: PAGADO | Q45: PAGADO
A46: 240 | B46: LUNA VELAZQUEZ GUILLERMO | C46: 1 | D46: 17 SUR ENTRE 15 Y 17 PTE. | E46: 2019 | F46: PAGADO | G46: PAGADO | H46: PAGADO
A47: 241 | B47: MACHORRO ROMAN AMADO | C47: 2 | D47: 15 PTE ENTRE 11 Y 13 SUR | E47: 2019 | F47: PAGADO 2 | G47: PAGADO2 | H47: PAGADO2 | I47: PAGADO2 | J47: PAGADO 2 | K47: PAGADO 2 | L47: PAGADO 2 | M47: PAGADO 2 | N47: PAGADO 2 | O47: PAGADO 2 | P47: PAGADO 2 | Q47: PAGADO 2
A48: 242 | B48: MACHORRO ROMAN MARCELINO | C48: 1 | D48: 13 SUR ENTRE 15 Y 17 PTE. | E48: 2019 | F48: PAGADO 2 | G48: PAGADO 2 | H48: PAGADO 2 | I48: PAGADO 2 | J48: PAGADO 2 | K48: PAGADO 2 | L48: PAGADO 2 | M48: PAGADO 2 | N48: PAGADO 2 | O48: PAGADO 2 | P48: PAGADO 2 | Q48: PAGADO 2
A49: 243 | B49: MACHORRO ROMAN NICOLAS | C49: 3 | D49: 7 SUR PRIVADA | E49: 2019 | F49: PAGADO 3 | G49: PAGADO 3 | H49: PAGADO 3 | I49: PAGADO 3 | J49: PAGADO 3 | K49: PAGADO 3 | L49: PAGADO 3 | M49: PAGADO 3 | N49: PAGADO 3 | O49: PAGADO 3 | P49: PAGDO 3 | Q49: PAGADO 3
A50: 245 | B50: MARIA CASTRO MIGUEL | C50: 1 | D50: 7 SUR ENTRE 11 Y 13 PTE. | E50: 2019 | F50: PAGADO | G50: PAGADO | H50: PAGADO | I50: PAGADO | J50: PAGADO | K50: PAGADO | L50: PAGADO | M50: PAGADO | N50: PAGADO | O50: PAGADO | P50: PAGADO | Q50: PAGADO
A51: 247 | B51: MARIN MORO PAULA | C51: 1 | D51: 13 SUR ENTRE 13 Y 15 PTE. | E51: 2019 | F51: PAGADO | G51: PAGADO | H51: PAGADO | I51: PAGADO | J51: PAGADO | K51: PAGADO | L51: PAGADO | M51: PAGADO | N51: PAGADO | O51: PAGADO | P51: PAGADO | Q51: PAGADO
A52: 249 | B52: MARTINEZ OREA JOSE LUIS | C52: 1 | D52: 17 SUR NO. 1708 ENTRE 17 PTE Y CANAL | E52: 2019 | F52: PAGADO | G52: PAGADO | H52: PAGADO | I52: PAGADO
A53: 250 | B53: JIMENEZ MARTINEZ MARICELA | C53: 2 | D53: 13 PTE. Y 9 SUR | E53: 2019 | F53: PAGADO 2 | G53: PAGADO 2 | H53: PAGADO 2 | I53: PAGADO 2 | J53: PAGADO 2 | K53: PAGADO 2 | L53: PAGADO 2 | M53: PAGADO 2 | N53: PAGADO 2 | O53: PAGADO 2 | P53: PAGADO 2 | Q53: PAGADO 2
A54: 252 | B54: MELENDEZ SANTOS DOLORES | C54: 1 | D54: 19 SUR ENTRE 13 Y 15 PTE. | E54: 2019 | F54: PAGADO | G54: PAGADO | H54: PAGADO | I54: PAGADO | J54: PAGADO | K54: PAGADO | L54: PAGADO | M54: PAGADO | N54: PAGADO | O54: PAGADO | P54: PAGADO | Q54: PAGADO
A55: 253 | B55: MELENDEZ SANTOS EDUARDO | C55: 1 | D55: 13 PONIENTE 1115 7 SUR | E55: 2019
A56: 254 | B56: MELENDEZ SANTOS JUANA | C56: 2 | D56: 7 SUR ENTRE 11 Y 13 PTE. | E56: 2019
A57: 256 | B57: MENDEZ SANTOS VALENTIN | C57: 1 | D57: 17 SUR ENTRE 17 PTE Y CANAL | E57: 2019 | F57: PAGADO | G57: PAGADO | H57: PAGADO | I57: PAGADO | J57: PAGADO | K57: PAGADO | L57: PAGADO | M57: PAGADO | N57: PAGADO | O57: PAGADO | P57: PAGADO | Q57: PAGADO
A58: 257 | B58: MONTIEL JIMENEZ ARTURO | C58: 1 | D58: 15 SUR ENTRE 19 Y 21 PTE. | E58: 2019 | F58: PAGADO | G58: PAGADO | H58: PAGADO | I58: PAGADO | J58: PAGADO | K58: PAGADO | L58: PAGADO | M58: PAGADO | N58: PAGADO | O58: PAGADO | P58: PAGADO | Q58: PAGADO
A59: 258 | B59: MONTIEL JIMENEZ ESTHER | C59: 1 | D59: 15 PTE. Y 15 SUR | E59: 2019 | F59: PAGADO | G59: PAGADO
A60: 259 | B60: MONTIEL JIMENEZ FIDEL | C60: 3 | D60: 15 PTE. NO. 1511 | E60: 2019 | F60: PAGADO 3 | G60: PAGADO 3 | H60: PAGADO 3 | I60: PAGADO 3 | J60: PAGADO 3
A61: 261 | B61: MONTIEL JIMENEZ VICTOR | C61: 1 | D61: 15 PTE. Y 15 SUR | E61: 2019 | F61: PAGADO | G61: PAGADO | H61: PAGADO | I61: PAGADO | J61: PAGADO | K61: PAGADO
A62: 262 | B62: MONTIEL OREA ISIDORA | C62: 1 | D62: 11 SUR 2105 11 Y 21 | E62: 2019 | F62: PAGADO | G62: PAGADO | H62: PAGADO | I62: PAGADO | J62: PAGADO | K62: PAGADO | L62: PAGADO | M62: PAGADO | N62: PAGADO | O62: PAGADO | P62: PAGADO | Q62: PAGADO
A63: 264 | B63: MONTIEL ROMAN ELEAZAR | C63: 1 | D63: 11 SUR ENTRE 19 Y 21 PTE. | E63: 2019 | F63: PAGADO | G63: PAGADO | H63: PAGADO | I63: PAGADO | J63: PAGADO | K63: PAGADO
A64: 266 | B64: MONTIEL ROMAN FERNANDO | C64: 1 | D64: 11 SUR ENTRE 19 Y 21 PTE. | E64: 2019 | F64: PAGADO
A65: 268 | B65: MONTIEL ROMAN LUIS | C65: 1 | D65: 11 SUR 1909 ENTRE 19 Y 21 PTE. | E65: 2019
A66: 271 | B66: MONTIEL VILLEGAS ALMA ROSA | C66: 1 | D66: 13 SUR ENTRE 19 Y 21 PTE- | E66: 2019
A67: 276 | B67: MORALES DE LOS SANTOS GONZALO | D67: 13 PTE ENTRE 17 Y 19 SUR | E67: 2019
A68: 277 | B68: MORALES DE LOS SANTOS MARTHA | D68: 13 PTE. ENTRE 17 Y 19 SUR | E68: 2019 | F68: PAGADO | G68: PAGADO | H68: PAGADO | I68: PAGADO | J68: PAGADO | K68: PAGADO | L68: PAGADO | M68: PAGADO | N68: PAGADO | O68: PAGADO | P68: PAGADO | Q68: PAGADO
A69: 278 | B69: MORALES GONZALEZ MANUEL | C69: 1 | D69: 17 PTE. ENTRE 9 Y 11 SUR | E69: 2019
A70: 279 | B70: MORALES SANTOS ANGEL | C70: 1 | D70: 21 PTE. ENTRE 13 Y 15 SUR | E70: 2019 | F70: PAGADO | G70: PAGADO | H70: PAGADO | I70: PAGADO | J70: PAGADO | K70: PAGADO | L70: PAGADO | M70: PAGADO | N70: PAGADO | O70: PAGADO | P70: PAGADO | Q70: PAGADO
A71: 281 | B71: MORO ORTIZ TOMASA | D71: 15 PTE. ENTRE 11 Y 13 SUR | E71: 2019
A72: 282 | B72: MOYA DIAZ FRANCISCO JAVIER | C72: 1 | D72: 9 SUR ENTRE 21 PTE. Y CANAL | E72: 2019 | F72: PAGADO | G72: PAGADO | H72: PAGADO | I72: PAGADO | J72: PAGADO | K72: PAGADO | L72: PAGADO | M72: PAGADO | N72: PAGADO | O72: PAGADO | P72: PAGADO | Q72: PAGADO
A73: 283 | B73: MOYA LOPEZ TOMAS RAFAEL | C73: 1 | D73: 21 PTE. ENTRE 7 SUR | E73: 2019 | F73: PAGADO | G73: PAGADO | H73: PAGADO | I73: PAGADO | J73: PAGADO | K73: PAGADO | L73: PAGADO | M73: PAGADO | N73: PAGADO | O73: PAGADO | P73: PAGADO | Q73: PAGADO
A74: 284 | B74: MOYA OREA FACUNDO | C74: 1 | D74: 17 PTE. ENTRE 17 Y 19 SUR | E74: 2019 | F74: PAGADO | G74: PAGADO | H74: PAGADO | I74: PAGADO | J74: PAGADO | K74: PAGADO | L74: PAGADO | M74: PAGADO | N74: PAGADO | O74: PAGADO | P74: PAGADO | Q74: PAGADO
A75: 285 | B75: MOYA SANTOS CLAUDIA | C75: 1 | D75: 21 PTE. ENTRE 7 Y 9 SUR | E75: 2019 | F75: PAGADO | G75: PAGADO | H75: PAGADO | I75: PAGADO | J75: PAGADO | K75: PAGADO | L75: PAGADO | M75: PAGADO | N75: PAGADO | O75: PAGADO | P75: PAGADO | Q75: PAGADO
A76: 286 | B76: MOYA LOPEZ TOMAS RAFAEL | C76: 1 | D76: 21 PTE. ENTRE 7 Y 9 SUR | E76: 2019 | F76: PAGADO | G76: PAGADO | H76: PAGADO | I76: PAGADO | J76: PAGADO | K76: PAGADO | L76: PAGADO | M76: PAGADO | N76: PAGADO | O76: PAGADO | P76: PAGADO | Q76: PAGADO
A77: 288 | B77: MOYA ZAMBRANO ROSA | C77: 1 | D77: 9 SUR NO. 2008 ENTRE 21 PTE. Y CANAL | E77: 2019 | F77: PAGADO
A78: 289 | B78: RODRIGUEZ SANTOS MAURICIO | C78: 1 | D78: CALLE NO 19 PONIENTE NO 1702 | E78: 2019
A79: 291 | B79: NIÑO ROMERO RUBEN | D79: DIAGONAL PREPA | E79: 2019
A80: 293 | B80: NORATO DE LA ROSA JUAN | C80: 1 | D80: 13 SUR 1511 ENTRE 15 Y 17 PTE. | E80: 2019 | F80: PAGADO
A81: 294 | B81: NOTARIO LEON JOSE LUIS | C81: 1 | D81: 9 SUR ENTE 13 Y 15 PTE. | E81: 2019 | F81: PAGADO | G81: PAGADO | H81: PAGADO | I81: PAGADO | J81: PAGADO | K81: PAGADO | L81: PAGADO | M81: PAGADO | N81: PAGADO | O81: PAGADO | P81: PAGADO | Q81: PAGADO
A82: 295 | B82: NOTARIO LEON CARLOS | C82: 1 | D82: 9 SUR ENTRE 13 Y 15 PTE | E82: 2019 | F82: PAGADO | G82: PAGADO | H82: PAGADO | I82: PAGADO | J82: PAGADO | K82: PAGADO | L82: PAGADO | M82: PAGADO | N82: PAGADO | O82: PAGADO | P82: PAGADO | Q82: PAGADO
A83: 300 | B83: OJEDA NOTARIO ROMAN | C83: 1 | D83: 19 SUR ENTRE 15 Y 17 PTE. | E83: 2019
A84: 302 | B84: OREA MELENDEZ CATALINA | C84: 1 | D84: 15 PTE. ENTRE 11 Y 13 SUR | E84: 2019 | F84: PAGADO | G84: PAGADO | H84: PAGADO | I84: PAGADO | J84: PAGADO | K84: PAGADO | L84: PAGADO | M84: PAGADO | N84: PAGADO | O84: PAGADO | P84: PAGADO | Q84: PAGADO
A85: 303 | B85: BARCENAS AVELINO RUBEN | D85: PRIV DE LA 7 SUR NO 1504 | E85: 2019
A86: 306 | B86: PELAEZ CRUZ JORGE | C86: 1 | D86: 17 SUR ENTRE 17 Y CANAL | E86: 2019
A87: 307 | B87: PELAEZ JIMENEZ FERNANDO | C87: 1 | D87: 13 PTE. ENTRE 17 Y 19 SUR | E87: 2019 | F87: PAGADO | G87: PAGADO | H87: PAGADO | I87: PAGADO | J87: PAGADO | K87: PAGADO | L87: PAGADO | M87: PAGADO | N87: PAGADO | O87: PAGADO | P87: PAGADO | Q87: PAGADO
A88: 309 | B88: PELAEZ JIMENEZ FRANCISCO | C88: 1 | D88: 13 PTE. ETRE 17 Y 19 SUR | E88: 2019 | F88: PAGADO | G88: PAGADO | H88: PAGADO | I88: PAGADO | J88: PAGADO | K88: PAGADO | L88: PAGADO
A89: 310 | B89: PELAEZ JIMENEZ MARCELA | C89: 1 | D89: 13 SUR ENTRE 19 Y 21 PTE | E89: 2019 | F89: PAGADO | G89: PAGADO | H89: PAGADO | I89: PAGADO | J89: PAGADO | K89: PAGADO | L89: PAGADO | M89: PAGADO | N89: PAGADO | O89: PAGADO | P89: PAGADO | Q89: PAGADO
A90: 312 | B90: PELAEZ JIMENEZ SALVADOR | C90: 1 | D90: 13 PTE ENTRE 17 Y 19 SUR | E90: 2019
A91: 313 | B91: PELAEZ JUAREZ ANITA | C91: 2 | D91: DIAGONAL PREPA | E91: 2019 | F91: PAGADO 2 | G91: PAGADO 2 | H91: PAGADO2 | I91: PAGADO2 | J91: PAGADO2
A92: 314 | B92: PELAEZ JUAREZ JUAN GABRIEL | C92: 1 | D92: 17 SUR ENTRE 11 Y 13 PTE. | E92: 2019 | F92: PAGADO | G92: PAGADO | H92: PAGADO | I92: PAGADO | J92: PAGADO | K92: PAGADO
A93: 315 | B93: PELAEZ JUAREZ MARIA DE LOURDES | C93: 1 | D93: 17 SUR ENTRE 11 Y 13 PTE. | E93: 2019 | F93: PAGADO | G93: PAGADO | H93: PAGADO | I93: PAGADO | J93: PAGADO | K93: PAGADO | L93: PAGADO | M93: PAGADO | N93: PAGADO | O93: PAGADO | P93: PAGADO | Q93: PAGADO
A94: 317 | B94: PELAEZ RIOS CARLOS | C94: 1 | D94: 17 SUR ENTRE 17 PTE. Y CANAL | E94: 2019 | F94: PAGADO | G94: PAGADO | H94: PAGAO | I94: PAGADO | J94: PAGADO | K94: PAGADO | L94: PAGADO | M94: PAGADO | N94: PAGADO | O94: PAGADO | P94: PAGADO | Q94: PAGADO
A95: 318 | B95: PELAEZ RIOS DELIA | D95: 17 SUR 1105 ENTRE 11 Y 13 PTE. | E95: 2019 | F95: PAGADO | G95: PAGADO | H95: PAGADO | I95: PAGADO | J95: PAGADO | K95: PAGADO
A96: 319 | B96: PELAEZ RIOS ESTEBAN | C96: 1 | D96: 17 SUR ENTRE 11 Y 13 PTE. | E96: 2019 | F96: PAGADO | G96: PAGADO | H96: PAGADO | I96: PAGADO | J96: PAGADO | K96: PAGADO | L96: PAGADO | M96: PAGADO | N96: PAGADO | O96: PAGADO | P96: PAGADO | Q96: PAGADO
A97: 320 | B97: PELAEZ RIOS IRENE | C97: 1 | D97: 17 PTE. ENTRE 15 Y 17 SUR | E97: 2019
A98: 322 | B98: PELAEZ RIOS JOSEFINA | C98: 1 | D98: 17 SUR ENTRE 11 Y 13 PTE. | E98: 2019 | F98: PAGADO | G98: PAGADO | H98: PAGADO | I98: PAGADO | J98: PAGADO | K98: PAGADO | L98: PAGADO | M98: PAGADO | N98: PAGADO | O98: PAGADO | P98: PAGADO | Q98: PAGADO
A99: 323 | B99: PELAEZ VAZQUEZ JOEL | C99: 1 | D99: 15 SUR ENTRE 15 Y 17 PTE. | E99: 2019 | F99: PAGADO | G99: PAGADO | H99: PAGADO | I99: PAGADO
A100: 324 | B100: PELAEZ VAZQUEZ MIGUEL ANGEL | C100: 1 | D100: 15 SUR ENTRE 15 Y 17 PTE. | E100: 2019 | F100: PAGADO | G100: PAGADO | H100: PAGADO | I100: PAGADO | J100: PAGADO | K100: PAGADO | L100: PAGADO | M100: PAGADO | N100: PAGADO | O100: PAGADO | P100: PAGADO | Q100: PAGADO
...

Sheet Hoja4
A1: No. USUARIO | B1: NOMBRE | D1: DIRECCION | E1: AÑO | F1: ENERO | G1: FEBRERO | H1: MARZO | I1: ABRIL | J1: MAYO | K1: JUNIO | L1: JULIO | M1: AGOSTO | N1: SEP | O1: OCT | P1: NOV | Q1: DIC
A2: 62 | B2: BONILLA MUÑOZ HILDA | C2: CANCELADA | D2: 9 SUR ENTRE 21 PTE Y CANAL | E2: 2010 | F2: CANCELADA
A3: 311 | B3: PELAEZ JIMENEZ MARIA DEL CARMEN | C3: CANCELADA | D3: 13 SUR ENTRE 19 Y 21 PTE. | E3: 2010 | F3: CANCELADA
A4: 350 | B4: RODRIGUEZ GARCIA ALEJANDRO | C4: NO VIVE AQUÍ | E4: 2010
A5: 551 | B5: VELEZ DAVILA JESUS | C5: CANCELADA | D5: DIAGONAL PREPA | E5: 2010 | M5: ALTA
A6: 167 | B6: JIMENEZ ARISTA VICTOR ADAN | C6: CANCELADA | D6: 9 SUR ENTRE 21 PTE Y CANAL | E6: 2011 | F6: CANCELADA
A7: 272 | B7: MONTIEL VILLEGAS KARINA | C7: CORTADA | D7: 13 SUR ENTRE 19 Y 21 PTE. | E7: 2011 | F7: CANCELADA | G7: PERO PAGO DE ENERO 2011 A OCT DEL 2013 OJO REECIBO | L7: SU RECIBO ES POR LA CANTIDAD DE 1565 PESOS
A8: 321 | B8: PELAEZ RIOS JOSEFINA | C8: CANCELADA | D8: 17 SUR ENTRE 17 PTE Y CANAL | E8: 2011 | F8: PAGO DE ENERO 2011 A JULIO 2016 | I8: CANCELADA
A9: 397 | B9: RODRIGUEZ TELLEZ JUAN | C9: CAMBIO DOMICILIO | D9: 15 SUR ENTRE 13 Y 15 PTE. | E9: 2011 | F9: PAGADO | G9: PAGADO | H9: PAGADO | I9: PAGADO | J9: PAGADO
A10: 553 | B10: VERA MORENO MARIA | D10: 15 ENTRE 13 Y 21 PTE. | E10: 2011 | F10: NUERA DE DOÑA PAULINA
A11: 38 | B11: AVELINO OJEDA ABRAHAM | C11: CANCELADA | D11: 9 SUR ENTRE 21 PTE | E11: 2012 | F11: CANCELADA
A12: 338 | B12: REYES TELLES AMELIA | C12: CORTADA | D12: 15 SUR ENTRE 13 Y 15 PTE. | E12: 2012 | F12: PAGADO | G12: PAGADO | H12: PAGADO | I12: PAGADO | J12: PAGADO | K12: PAGADO
A13: 579 | B13: RIOS REYES CYNAI | D13: 15 SUR 1304 | E13: 2012
A14: 9 | B14: ABUNDIO RODRIGUEZ LUIS MANUEL | C14: CAMBIO DOMICILIO | D14: 15 PTE. NO. 2006 ENT. 7 Y 9 SUR | E14: 2013 | J14: PAGADO | K14: PAGADO | L14: PAGADO | M14: PAGADO
A15: 94 | B15: CONTRERAS RODRIGUEZ ARACELI | C15: PAGANDO | D15: DIAGONAL PREPA | E15: 2013 | F15: PAGADO | G15: PAGADO | H15: PAGADO | I15: PAGADO | J15: PAGADO | K15: PAGADO | L15: PAGADO | M15: PAGADO | N15: PAGADO | O15: PAGADO | P15: PAGADO | Q15: PAGADO
A16: 95 | B16: CONTRERAS RODRIGUEZ EUSTOLIO | C16: PAGADO | D16: DIAGONAL PREPA ESQ. 15 PTE. | E16: 2013 | F16: PAGADO | G16: PAGADO | H16: PAGADO
A17: 299 | B17: OJEDA NOTARIO AGUSTIN | C17: CORTADA | D17: DIAGONAL PREPA | E17: 2013 | F17: PAGADO | G17: PAGADO | H17: PAGADO | I17: PAGADO | J17: PAGADO | K17: PAGADO | L17: PAGADO | M17: PAGADO | N17: CORTADA
A18: 304 | B18: ORTIZ REYES ALEJANDRO | C18: CAMBIO DOMICILIO | D18: 15 SUR ENTRE 13 Y 15 PTE. | E18: 2013
A19: 391 | B19: RODRIGUEZ SANTOS ANGELA | C19: VIVE EN CASA DE SU HERMANA | D19: 17 PTE. ENTRE 19 SUR Y CANAL | E19: 2013 | F19: PAGADO | G19: PAGADO | H19: PAGADO | I19: PAGADO | J19: PAGADO | K19: PAGADO | L19: PAGADO | M19: PAGADO | N19: PAGADO | O19: PAGADO | P19: PAGADO | Q19: PAGADO
A20: 536 | B20: TRUJILLO BERISTAIN FELIPE | C20: NO LE LLEGA AGUA | D20: CARRETERA A XOCHITLAN | E20: 2013
A21: 6 | B21: ABUNDIO JUAREZ ROSA MARIA | C21: CANCELADA | D21: 7 SUR ENTRE 15 Y 17 PONIENTE | E21: 2014 | F21: CORTADA
A22: 191 | B22: LEON BALDERAS BENJAMIN | C22: PAGADO | D22: 15 PTE. ENTRE 7 Y 9 SUR | E22: 2014
A23: 203 | B23: LOPEZ ANDRADE INES | D23: 7 SUR ANTRE 13 Y 11 PTE. | E23: 2014 | N23: ALTA
A24: 206 | B24: LOPEZ BAURET MIGUEL ANGEL | C24: PAGA COMO INQUILINO | D24: 15 PTE. ENTRE 7 SUR | E24: 2014 | F24: PAGADO | G24: PAGADO | H24: PAGADO
A25: 225 | B25: LOPEZ SANCHEZ MARIA AMELIA | D25: 15 PTE ENTRE 7 Y 0 SUR | E25: 2014 | F25: PAGADO | G25: PAGADO | H25: PAGADO | I25: PAGADO | J25: PAGADO | K25: PAGADO
A26: 227 | B26: LOPEZ SANCHEZ MARIA DE LOURDES | E26: 2014 | F26: PAGADO | G26: PAGADO | H26: PAGADO | I26: PAGADO | J26: PAGADO | K26: PAGADO | L26: PAGADO | M26: PAGADO
A27: 244 | B27: MALDONADO PELAEZ ALEJANDRO | C27: CARCEL | D27: 17 PTE. ENTRE 15 Y 17 SUR | E27: 2014 | F27: PAGADO
A28: 273 | B28: MONTIEL VILLEGAS MARINA | C28: CORTADA | D28: 13 SUR ENTRE 19 Y 21 PTE. | E28: 2014 | F28: PAGADO | G28: PAGADO | H28: PAGADO | I28: PAGADO | J28: PAGADO
A29: 330 | B29: PORRAS HUERTA MARIA DE LOS ANGELES | C29: FINADO JUAN | D29: 21 PTE. ENTRE 9 Y 11 SUR | E29: 2014 | F29: NO HA PAGADO EL 2014 SELE DI RECIBO POR ERROR
A30: 345 | B30: RODRIGUEZ CRISTOBAL MARIA FELIX | C30: CORTADA | D30: 9 SUR ENTRE 15 Y 17 PTE. | E30: 2014 | F30: PAGADO | G30: PAGADO | H30: PAGADO
A31: 406 | B31: ROMAN GONZALEZ ROSARIO | C31: PAGADO | D31: 17 SUR ENTRE 17 PONIENTE Y CANAL | E31: 2014 | F31: PAGADO | G31: PAGADO | H31: PAGADO | I31: PAGADO
A32: 434 | B32: ROSAS HERNANDEZ FABIAN | D32: 15 PONIENTEE 19 SUR 1710 | E32: 2014 | F32: P
A33: 465 | B33: SANCHEZ DAVILA GUADALUPE | D33: 13 SUR ENTRE 21 PTE. Y CANAL | E33: 2014
A34: 476 | B34: SANTOS DEONATE ANTONIO | C34: PAGADO | D34: 17 SUR ENTRE 13 Y 15 PTE. | E34: 2014
A35: 525 | B35: TELLEZ SANTOS ESPERANZA | D35: 15 SUR ENTRE 13 Y 15 PTE | E35: 2014 | F35: PAGADO | G35: PAGADO | H35: PAGADO
A36: 572 | B36: DEONATE FERNANDEZ MARCELA | C36: PAGADO | D36: 15 PONIENTEE 1113 | E36: 2014
A37: 14 | B37: ALONSO MONTIEL ARIADNA | C37: CORTADA | D37: 17 SUR ENTRE 15 Y 17 PTE. | E37: 2015
A38: 97 | B38: CORTES RODRIGUEZ CONCEPCION | C38: AGOSTO-2017 PAGANDO | D38: 13 PTE. 1702 17 Y 19 SUR | E38: 2015 | F38: PAGADO | G38: PAGADO | H38: PAGADO | I38: PAGADO | J38: PAGADO | K38: PAGADO | L38: PAGADO | M38: PAGADO | N38: PAGADO | O38: PAGADO
A39: 141 | B39: GARCIA LETRAS IGNACIO | D39: 15 SUR ENTRE 17 Y 19 PTE | E39: 2015 | F39: PAGADO | G39: PAGADO | H39: PAGADO | I39: PAGADO
A40: 148 | B40: GOMEZ BRAVO SABAS | C40: CORTADA | D40: 21 PTE. Y 7 SUR | E40: 2015
A41: 176 | B41: JUAREZ ESPINOZA MAURO | C41: CAMBIO DOMICILIO | D41: 15 PTE. 7 Y 7 SUR | E41: 2015
A42: 208 | B42: LOPEZ CANO MIGUEL | C42: FINADO | D42: 21 PTE. ENTRE 13 Y 15 SUR | E42: 2015 | F42: PAGADO | G42: PAGADO | H42: PAGADO | I42: PAGADO | J42: PAGADO | K42: PAGADO | L42: PAGADO | M42: PAGADO | N42: PAGADO | O42: PAGADO | P42: PAGADO
A43: 263 | B43: MONTIEL OREA MOISES MAXIMILIANO | D43: 13 SUR ENTRE 19 Y 21 PTE. | E43: 2015 | F43: PAGADO | G43: PAGADO | H43: PAGADO | I43: PAGADO | J43: PAGADO | K43: PAGADO
A44: 357 | B44: RODRIGUEZ JIMENEZ JOSE DE JESUS | C44: CANCELADA | D44: 13 PONIENTE ESQUINA 17 SUR | E44: 2015
A45: 390 | B45: RODRIGUEZ SANTOS ALFONSO | C45: PAGADO | D45: 11 SUR 1508 | E45: 2015
A46: 403 | B46: RODRIGUEZ VELEZ ROCIO | D46: 15 PTE. ESQ. 19 SUR | E46: 2015 | F46: PAGADO | G46: PAGADO | H46: PAGADO
A47: 477 | B47: SANTOS DEONATE MARIA DEL CARMEN | C47: PAGANDO | D47: 17 SUR ENTRE 13 Y 15 PTE. | E47: 2015 | F47: PAGADO | G47: PAGADO | H47: PAGADO | I47: PAGADO | J47: PAGADO | K47: PAGADO | L47: PAGADO | M47: PAGADO | N47: PAGADO | O47: PAGADO | P47: PAGADO
A48: 478 | B48: SANTOS DEONATE EULALIO | D48: 17 SUR ENTRE 13 Y 15 PTE. | E48: 2015 | F48: PAGADO | G48: PAGADO | H48: PAGADO | I48: PAGADO | J48: PAGADO | K48: PAGADO | L48: PAGADO | M48: PAGADO | N48: PAGADO | O48: PAGADO | P48: PAGADO
A49: 533 | B49: TREJO RODRIGUEZ CLAUDIA | D49: 11 SUR ENTRE 15 Y 17 PTE. | E49: 2015
A50: 537 | B50: TRUJILLO VEGA VALENTIN | D50: 15 SUR ENTRE 11 Y 13 PTE | E50: 2015 | F50: PAGADO | G50: PAGADO | H50: PAGADO | I50: PAGADO | J50: PAGADO | K50: PAGADO | L50: PAGADO | M50: PAGADO
A51: 554 | B51: VERA ROMERO FRANCISCO | C51: PAGADO | D51: 17 PTE. ENTRE 11 Y 13 SUR | E51: 2015 | F51: PAGADO | G51: PAGADO | H51: PAGADO | I51: PAGADO | J51: PAGADO
A52: 592 | B52: CHAVEZ MACHORRO SALVADOR | C52: CORTADA VIVE AQUÍ | D52: 19 PONIENTE NO. 1107 ENTRE LA 13 SUR | E52: 2015 | F52: PAGADO | G52: PAGADO | H52: PAGADO | I52: PAGADO | J52: PAGADO | K52: PAGADO | L52: PAGADO
A53: 5 | B53: ABUNDIO JUAREZ JOSE LUIS | C53: CAMBIO DOMICILIO | D53: 15 PTE. NO. 2006 | E53: 2016 | F53: PAGADO | G53: PAGADO
A54: 64 | B54: BRAMBILLA SANTIAGO CIRILO | E54: 2016 | F54: PAGADO | G54: PAGADO | H54: PAGADO | I54: PAGADO | J54: PAGADO | K54: PAGADO | L54: PAGADO | M54: PAGADO | N54: PAGADO | O54: PAGADO | P54: PAGADO | Q54: PAGADO
A55: 80 | B55: CANCINO CEBADA JAVIER | C55: PAGADO | D55: 17 PTE ENTRE 13 Y 15 SUR | E55: 2016 | F55: PAGADO | G55: PAGADO | H55: PAGADO | I55: PAGADO | J55: PAGADO
A56: 85 | B56: CERVANTES VERA YESSICA | C56: PAGADO | D56: 15 SUR ENTRE 11 Y 13 PTE | E56: 2016 | F56: PAGADO | G56: PAGADO | H56: PAGADO | I56: PAGADO | J56: PAGADO | K56: PAGADO | L56: PAGADO | M56: PAGADO | N56: PAGADO | O56: PAGADO | P56: PAGADO | Q56: PAGADO
A57: 89 | B57: PELAEZ GONZALEZ SONIA | D57: 13 PONIENTE NO. 1703 | E57: 2016 | F57: PAGADO | G57: PAGADO | H57: PAGADO | I57: PAGADO | J57: PAGADO | K57: PAGADO | L57: PAGADO | M57: PAGADO
A58: 98 | B58: CORZAS GONZALEZ TERESA | C58: SOBRINA RAFAELITA | D58: 13 PTE 11 Y 13 SUR | E58: 2016 | F58: PAGADO | G58: PAGADO | H58: PAGADO | I58: PAGADO | J58: PAGADO | K58: PAGADO | L58: PAGADO | M58: PAGADO | N58: PAGADO | O58: PAGADO | P58: PAGADO | Q58: PAGADO
A59: 104 | B59: CRUZ SANTOS AGUSTIN | C59: PAGANDO | D59: 15 SUR ENTRE 13 Y 15 PTE | E59: 2016 | F59: PAGADO | G59: PAGADO | H59: PAGADO | I59: PAGADO | J59: PAGADO
A60: 105 | B60: CRUZ SANTOS ANA LILIA | D60: 11 SUR ENTRE 15 Y 17 PTE | E60: 2016 | F60: PAGADO | G60: PAGADO | H60: PAGADO | I60: PAGADO | J60: PAGADO | K60: PAGADO | L60: PAGADO | O60: PAGADO
A61: 155 | B61: GONZALEZ RAMIREZ RAFAEL | C61: CAMBIO DE TOMA (DAR DE BAJA) | D61: 5 PONIENTE NO 1505 | E61: 2016 | F61: PAGADO | G61: PAGADO | H61: PAGADO | I61: PAGADO | J61: PAGADO | K61: PAGADO | L61: PAGADO | M61: PAGADO | N61: PAGADO
A62: 169 | B62: LOPEZ HUERTA FRANCO AXEL | C62: CAMBIO DE DOMICILIO | E62: 2016
A63: 181 | B63: JUAREZ TELLEZ MODESTO | C63: PAGADO | D63: 7 SUR ESQ. 17 PTE. | E63: 2016 | F63: PAGADO | G63: PAGADO | H63: PAGADO | I63: PAGADO | J63: PAGADO | K63: PAGADO | L63: PAGADO | M63: PAGADO
A64: 198 | B64: LEON RODRIGUEZ RODRIGO | C64: PAGADO | D64: 19 SUR ENTRE 15 Y 17 PTE. | E64: 2016 | F64: PAGADO | G64: PAGADO | H64: PAGADO | I64: PAGADO
A65: 210 | B65: LOPEZ CASTILLO RICARDA NORMA | C65: CANCELADA | E65: 2016 | F65: PAGADO | G65: PAGADO | H65: PAGADO | I65: PAGADO | J65: PAGADO | K65: PAGADO | L65: PAGADO | M65: PAGADO | N65: PAGADO | O65: PAGADO | P65: PAGADO | Q65: PAGADO
A66: 214 | B66: LOPEZ LOPEZ CARLOS | C66: HIJA ESTEBAN JIMENEZ | D66: 17 PTE. ENTRE 11 Y 13 SUR | E66: 2016 | F66: PAGADO | G66: PAGADO | H66: PAGADO | I66: PAGADO | J66: PAGADO | K66: PAGADO | L66: PAGADO | M66: PAGADO | N66: PAGADO
A67: 265 | B67: MONTIEL ROMAN FELIPE | C67: PAGANDO | D67: 15 SUR ENTRE 19 Y 21 PTE. | E67: 2016 | F67: PAGADO | G67: PAGADO | H67: PAGADO | I67: PAGADO | J67: PAGADO | K67: PAGADO | L67: PAGADO | M67: PAGADO | N67: PAGADO | O67: PAGADO | P67: PAGADO | Q67: PAGADO
A68: 267 | B68: MONTIEL ROMAN GUADALUPE | C68: PAGANDO | D68: 11 SUR 1901 ENTRE 19 Y 21 PTE. | E68: 2016 | F68: PAGADO | G68: PAGADO
A69: 274 | B69: MONTIEL VILLEGAS NOEMI | D69: 13 SUR ESQ. 19 PONIENTE | E69: 2016
A70: 275 | B70: MORALES AGUILERA ANA ELSA | C70: PAGANDO | D70: 15 SUR ENTRE 17 PTE. Y CANAL | E70: 2016 | F70: PAGADO | G70: PAGADO | H70: PAGADO | I70: PAGADO | J70: PAGADO | K70: PAGADO | L70: PAGADO | M70: PAGADO | N70: PAGADO | O70: PAGADO | P70: PAGADO | Q70: PAGADO
A71: 287 | B71: MOYA ZAMBRANO ALICIA | D71: 9 SUR NO. 2008 ENTRE 21 PTE. Y CANAL | E71: 2016 | F71: PAGADO | G71: CORTADA | H71: CORTADA | I71: CPNTADA | J71: CORTADA | K71: PAGADO | L71: PAGADO
A72: 292 | B72: NOGALES REYES MARGARITA | C72: PAGADO | D72: 15 SUR ENTRE 19 Y 21 PTE. | E72: 2016 | F72: PAGADO | G72: PAGADO | H72: PAGADO | I72: PAGADO | J72: PAGADO | K72: PAGADO | L72: PAGADO
A73: 298 | B73: NOTARIO LEON MIGUEL | C73: CANCELADA | D73: 9 SUR ENTRE 13 Y 15 PTE. | E73: 2016 | F73: PAGADO | G73: PAGADO | H73: PAGADO | I73: PAGADO | J73: PAGADO | K73: PAGADO | L73: PAGADO | M73: PAGADO | N73: PAGADO | O73: PAGADO | P73: PAGADO | Q73: PAGADO
A74: 305 | B74: OYARZABAL MONTERROSAS MA. SILVINA BERNARDA | C74: PAGANDO | D74: 17 PTE. ENTRE 11 Y 13 SUR | E74: 2016 | F74: PAGADO | G74: PAGADO | H74: PAGADO | I74: PAGADO | J74: PAGADO | K74: PAGADO | L74: PAGADO | M74: PAGADO | N74: PAGADO
A75: 328 | B75: PEREZ FLORES JAIME | C75: CANCELADA | D75: 21 PTE. PRIVADA 7 SUR XOCHITLAN | E75: 2016
A76: 335 | B76: RAMIREZ RODRIGUEZ SULLY | C76: HIJA MAGO , PAGADO | D76: 21 PTE Y 15 SUR | E76: 2016 | F76: PAGADO | G76: PAGADO | H76: PAGADO | I76: PAGADO | J76: PAGADO | K76: PAGADO | L76: PAGADO
A77: 336 | B77: RAMOS LOPEZ LUCIO | D77: CALLE 9 SUR NO 1504 ENRE 15 Y 17 | E77: 2016 | F77: PAGADO | G77: PAGADO | H77: PAGADOPAGADO | I77: PAGADO | J77: PAGADO | K77: PAGADO | L77: PAGADO | M77: PAGADO | N77: PAGADO | O77: PAGADO
A78: 359 | B78: GONZALEZ BAUTISTA MISAEL | E78: 2016 | M78: AGOSTO ALTA
A79: 393 | B79: ROMERO LOPEZ ANA ROSA | D79: 13 PONIENTE S N | E79: 2016 | L79: ALTA
A80: 421 | B80: ROSAS RODRIGUEZ GILBERTO | D80: 19 PTE. ENTRE 13 Y 15 SUR | E80: 2016 | F80: PAGADO | G80: PAGADO | H80: PAGADO | I80: PAGADO | J80: PAGADO
A81: 431 | B81: ROSAS CASTRO LUZ | D81: 19 PTE. ENTRE 13 Y 15 SUR | E81: 2016 | F81: PAGADO | G81: PAGADO | H81: PAGADO | I81: PAGADO | J81: PAGADO | K81: PAGADO
A82: 433 | B82: ROSAS GONZALEZ JAIME | D82: 13 SUR NO. 1708 | E82: 2016
A83: 468 | B83: SANCHEZ GONZALEZ OMAR LUCIO | D83: 9 SUR ENTRE 15 Y 17 PTE. | E83: 2016 | F83: PAGADO | G83: PAGADO | H83: PAGADO | I83: PAGADO | J83: PAGADO
A84: 469 | B84: SANCHEZ MALDONADO SERGIO | D84: 15 PTE. NO. 1710 | E84: 2016 | F84: P
A85: 474 | B85: SANTOS COETO AMPARO | D85: 13 PTE Y 17 SUR | E85: 2016 | F85: PAGADO | G85: PAGADO | H85: PAGADO
A86: 485 | B86: SANTOS GARCES PASCUAL | C86: PAGANDO | D86: 17 SUR ENTRE 13 Y 15 PTE. | E86: 2016
A87: 511 | B87: SANTOS ZAMORA MARCOS | C87: CANCELADA | D87: 17 PONIENTE ENTRE 17 Y 19 PTE | E87: 2016 | F87: PAGADO | G87: PAGADO | H87: PAGADO | I87: PAGADO | J87: PAGADO
A88: 564 | B88: VILLEGAS RODRIGUEZ MANUEL | C88: PAGANDO | D88: 13 PTE. ENTRE 13 Y 15 SUR | E88: 2016 | F88: PAGADO | G88: PAGADO | H88: PAGADO | I88: PAGADO | J88: PAGADO | K88: PAGADO | L88: PAGADO | M88: PAGADO | N88: PAGADO | O88: PAGADO | P88: PAGADO | Q88: PAGADO
A89: 567 | B89: AVELINO NOTARIO LIDIA | D89: 21 PONIENTE ENTRE 7 Y 9 SUR | E89: 2016
A90: 568 | B90: LOPEZ JIMENEZ CARLA | D90: 17 PTE. 11 Y 13 SUR | E90: 2016 | I90: ALTA PAGA ESTE MES
A91: 570 | B91: SANTOS COETO ADRIANA | C91: HIJA DELFINA | D91: 13 PTE. NO. 1701 | E91: 2016 | F91: P | G91: P
A92: 575 | B92: ROSAS CEBADA MARGARITA | C92: CANCELADA | D92: 13 SUR | E92: 2016 | L92: ALTA NO PAGO AGUA
A93: 590 | B93: MONTIEL CASTILLO KARINA | C93: HIJO JULIO (CORTE) | D93: 15 SUR Y 21 PONIENTE S/N | E93: 2016 | F93: PAGADO | G93: PAGADO | H93: PAGADO | I93: PAGADO | J93: PAGADO | K93: PAGADO
A94: 591 | B94: REYES TELLEZ JESICA | C94: BAJA, PAGADO | D94: 15 SUR 1304 ENTRE 13 Y 15 PONIENTEE | E94: 2016 | F94: PAGADO | G94: PAGADO | H94: PAGADO | I94: PAGADO | J94: PAGADO | K94: PAGADO | L94: PAGADO
A95: 1 | B95: ABUNDIO CRESCENCIO LORENZO | C95: PAGANDO | D95: 15 PONIENTE ESQ, 7 SUR | E95: 2017 | F95: PAGADO | G95: PAGADO | H95: PAGADO | I95: PAGADO | J95: PAGADO | K95: PAGADO | L95: PAGADO | M95: PAGADO | N95: PAGADO | O95: PAGADO | P95: PAGADO | Q95: PAGADO
A96: 2 | B96: ABUNDIO JIMENEZ LEOBARDO | D96: 7 SUR ENTRE 11 Y 13 PONIENTE | E96: 2017 | F96: PAGADO | G96: PAGADO | H96: PAGADO | I96: PAGADO | J96: PAGADO | K96: PAGADO
A97: 3 | B97: ABUNDIO JIMENEZ ROMARICO | C97: PAGADO | D97: 7 SUR ENTRE 11 Y 13 PTE | E97: 2017 | F97: PAGADO | G97: PAGADO | H97: PAGADO | I97: PAGADO | J97: PAGADO | K97: PAGADO | L97: PAGADO | M97: PAGADO | N97: PAGADO | O97: PAGADO
A98: 8 | B98: ABUNDIO LOPEZ JESUS MAURO | C98: PAGANDO | D98: 7 SUR ENTRE 11 Y 13 PONIENTE | E98: 2017 | F98: PAGADO | G98: PAGADO | H98: PAGADO | I98: PAGADO | J98: PAGADO | K98: PAGADO | L98: PAGADO | M98: PAGADO | N98: PAGADO
A99: 16 | B99: ANDRADE JIMENEZ JUAN MARIO | D99: 11 SUR ENTRE 15 Y 17 PTE. | E99: 2017 | F99: PAGADO | G99: PAGADO | H99: PAGADO | I99: PAGADO | J99: PAGADO | K99: PAGADO | L99: PAGADO | M99: PAGADO | N99: PAGADO | O99: PAGADO | P99: PAGADO | Q99: PAGADO
A100: 20 | B100: APOLINAR VELAZQUEZ JESUS ANTONIO | D100: 15 PONIENTEE 710 7 Y 9 SUR | E100: 2017 | F100: PAGADO | G100: PAGADO | H100: PAGADO | I100: PAGADO | J100: PAGADO | K100: PAGADO | L100: PAGADO | M100: PAGADO | N100: PAGADO | O100: PAGADO | P100: PAGADO
...
